ID,Type,SKU,"GTIN, UPC, EAN, or ISBN",Name,Published,"Is featured?","Visibility in catalog","Short description",Description,"Date sale price starts","Date sale price ends","Tax status","Tax class","In stock?",Stock,"Low stock amount","Backorders allowed?","Sold individually?","Weight (kg)","Length (cm)","Width (cm)","Height (cm)","Allow customer reviews?","Purchase note","Sale price","Regular price",Categories,Tags,"Shipping class",Images,"Download limit","Download expiry days",Parent,"Grouped products",Upsells,Cross-sells,"External URL","Button text",Position,"Minimum Quantity","Maximum Quantity","Multiplicity Quantity","Variation Swatches","Attributes Swatches","Woo Variation Gallery Images",Brands,"Attribute 1 name","Attribute 1 value(s)","Attribute 1 visible","Attribute 1 global","Meta: _enable_price_matrix","Meta: _deal_sales_counts","Meta: _deal_quantity","Meta: _last_editor_used_jetpack","Meta: video_position","Meta: product_features_desc","Meta: lumise_disable_add_cart","Meta: lumise_customize","Meta: lumise_product_base","Meta: lumise_design_template","Meta: custom_badges_text","Meta: _is_new","Meta: mf_pbt_product_ids","Meta: yikes_flagged_global_added","Meta: yikes_flagged_global_taxonomy_added","Meta: product_adjustment_hide_addtocart_catalog","Meta: product_adjustment_hide_addtocart_catalog_shop","Meta: product_adjustment_hide_addtocart_catalog_product","Meta: product_adjustment_hide_addtocart_placeholder_catalog","Meta: product_adjustment_customize_addtocart_catalog","Meta: product_adjustment_customize_addtocart_prod_btn_text_catalog","Meta: product_adjustment_customize_addtocart_shop_btn_text_catalog","Meta: product_adjustment_customize_addtocart_btn_url_catalog","Meta: product_adjustment_hide_price_catalog","Meta: product_adjustment_hide_price_placeholder_catalog","Meta: product_adjustment_exclude_admin_catalog","Meta: product_adjustment_hide_addtocart_unregistered","Meta: product_adjustment_hide_addtocart_unregistered_shop","Meta: product_adjustment_hide_addtocart_unregistered_product","Meta: product_adjustment_hide_addtocart_placeholder_unregistered","Meta: product_adjustment_customize_addtocart_unregistered","Meta: product_adjustment_customize_addtocart_prod_btn_text_unregistered","Meta: product_adjustment_customize_addtocart_shop_btn_text_unregistered","Meta: product_adjustment_customize_addtocart_btn_url_unregistered","Meta: eh_pricing_adjustment_product_addtocart_user_role","Meta: product_adjustment_hide_addtocart_user_role_shop","Meta: product_adjustment_hide_addtocart_user_role_product","Meta: product_adjustment_hide_addtocart_placeholder_role","Meta: eh_pricing_adjustment_product_customize_addtocart_user_role","Meta: product_adjustment_customize_addtocart_prod_btn_text_role","Meta: product_adjustment_customize_addtocart_shop_btn_text_role","Meta: product_adjustment_customize_addtocart_btn_url_role","Meta: product_adjustment_hide_price_placeholder_role","Meta: product_adjustment_hide_regular_price_unregistered","Meta: product_adjustment_hide_price_unregistered","Meta: product_adjustment_hide_price_placeholder_unregistered","Meta: eh_pricing_adjustment_product_hide_regular_price_user_role","Meta: eh_pricing_adjustment_product_price_user_role","Meta: product_adjustment_product_visibility_unregistered","Meta: eh_pricing_adjustment_product_visibility_user_role","Meta: product_based_price_adjustment","Meta: product_price_adjustment","Meta: product_price_adjustment_for_users","Meta: product_role_based_price","Meta: product_role_based_price_user","Meta: _wc_gla_visibility","Meta: min_quantity","Meta: max_quantity","Meta: group_quantity_exclude","Meta: multiplicity","Meta: _sbi_oembed_done_checking","Meta: wcgs_row_id","Meta: martfury_pbt_discount_all","Meta: martfury_pbt_checked_all","Meta: martfury_pbt_quantity_discount_all","Meta: wcboost_compare_count","Meta: wcboost_compare_addition","Meta: wcboost_compare_time","Meta: wcboost_compare_removal","Meta: tm_meta","Meta: rs_page_bg_color","Attribute 1 default","Meta: _variation_lumise","Meta: min_quantity_var","Meta: max_quantity_var","Meta: group_quantity_exclude_var","Meta: multiplicity_var"
10256,variable,COR013W,,"3 Ply Duplex Plain White Mailer Box  10*7*3.5 inch",1,0,visible,,"<span class=""a-list-item"">This corrugated box is made of recyclable cardboard paper. </span>Easy to Assemble: These  shipping boxes are assembled in seconds without tape, glue, or staples. T<span class=""a-list-item"">his box use for Packaging, Moving, Shipping, Packing, Home Shifting, Books And Storing Etc.  </span>\n\n<strong>Specifications\n</strong>16.51x11.43x5.08 CM | 10x7x3.5 Inches\n\n<strong>NOTE: </strong><em><strong>The above mentioned uses depends on the size of the item.</strong></em>\n\nFor the ease of delivery and to ensure the product is not damaged, the boxes delivered are unfolded/flat for the customers.\n\n<strong>Color Accuracy:</strong> While we do our best to ensure that the product colors shown on our website are accurate, during production due to inks used, weather conditions and paper textures there may be subtle color differences. Due to the fact that our products are made to order, and can’t be returned, you should be sure that any slight color variations (if any) that are possible from our final printed products would be acceptable.",,,taxable,tax-18,1,,,0,0,,,,,0,,,,"Packaging > Corrugated, Packaging > Corrugated Mailer Boxes, Packaging","Brown Box, Corrugated Box, Shipper Box",Courier,"https://boxfox.in/wp-content/uploads/2022/11/55-copy.png, https://boxfox.in/wp-content/uploads/2022/11/Mailer_Box_Mockup_1-copy-scaled.jpg, https://boxfox.in/wp-content/uploads/2022/11/Mailer_Box_Mockup_3-copy-1.png, https://boxfox.in/wp-content/uploads/2022/11/10x7x3.5.jpg",,,,,"COR013, COR015, COR014, COR016, COR011, COR010, COR012, COR015W, COR014W, COR016W, COR011W, COR010W, COR012W",,,,0,,,,"{""pa_quantity"":{""type"":"""",""shape"":"""",""size"":"""",""custom_size"":{""width"":30,""height"":30},""swatches"":{""934"":{""color"":"""",""image"":"""",""label"":""""},""788"":{""color"":"""",""image"":"""",""label"":""""},""790"":{""color"":"""",""image"":"""",""label"":""""},""791"":{""color"":"""",""image"":"""",""label"":""""},""958"":{""color"":"""",""image"":"""",""label"":""""}}}}",,,"IOPL > BoxFox, IOPL","Min. Quantity","100, 1000, 50, 500, 5000",1,1,,0,,classic-editor,1,"<p><strong>What's Good About It</strong></p>
<ul>
<li>Made from 3 ply kraft Paper</li>
<li>Internal Size: 10<span class=""a-list-item"">"" Length x 7"" Width x 3.5"" Depth</span></li>
<li>Curated design adds personality to your products</li>
<li><span class=""a-list-item"">Use for Packaging, Moving, Shipping,</span></li>
</ul>
",no,no,,,,0,0,added,added,no,yes,yes,,no,,,,no,,no,no,yes,yes,,no,,,,,yes,yes,,,,,,,no,no,,,,no,,no,,,,,sync-and-show,,,none,,1,27,0,yes,2,9255,9258,1771578200,5069,,,,,,,,
10265,variable,COR014W,,"3 Ply Duplex Plain White Mailer Box  14*12*3.5 Inch",1,0,visible,,"<span class=""a-list-item"">This corrugated box is made of recyclable cardboard paper. </span>Easy to Assemble: These  shipping boxes are assembled in seconds without tape, glue, or staples. T<span class=""a-list-item"">his box use for Packaging, Moving, Shipping, Packing, Home Shifting, Books And Storing Etc.  </span>\n\n&nbsp;\n\n<strong>Specifications\n</strong>35.56x30.48x8.89 CM | 14x12x3.5 Inches\n\n<strong>NOTE:</strong>\n\n<em><strong>The above mentioned uses depends on the size of the item.</strong></em>\n\nFor the ease of delivery and to ensure the product is not damaged, the boxes delivered are unfolded/flat for the customers.\n\n<strong>Color Accuracy:</strong> While we do our best to ensure that the product colors shown on our website are accurate, during production due to inks used, weather conditions and paper textures there may be subtle color differences. Due to the fact that our products are made to order, and can’t be returned, you should be sure that any slight color variations (if any) that are possible from our final printed products would be acceptable.",,,taxable,tax-18,1,,,0,0,,,,,0,,,,"Packaging > Corrugated, Packaging > Corrugated Mailer Boxes, Packaging","Brown Box, Corrugated Box, Shipper Box",Courier,"https://boxfox.in/wp-content/uploads/2022/11/55-copy.png, https://boxfox.in/wp-content/uploads/2022/11/Mailer_Box_Mockup_1-copy-scaled.jpg, https://boxfox.in/wp-content/uploads/2022/11/Mailer_Box_Mockup_3-copy-1.png, https://boxfox.in/wp-content/uploads/2022/11/14x12x3.5.jpg",,,,,"COR013, COR015, COR014, COR016, COR011, COR010, COR012, COR013W, COR015W, COR016W, COR011W, COR010W, COR012W",,,,0,,,,"{""pa_quantity"":{""type"":"""",""shape"":"""",""size"":"""",""custom_size"":{""width"":30,""height"":30},""swatches"":{""934"":{""color"":"""",""image"":"""",""label"":""""},""788"":{""color"":"""",""image"":"""",""label"":""""},""790"":{""color"":"""",""image"":"""",""label"":""""},""791"":{""color"":"""",""image"":"""",""label"":""""},""958"":{""color"":"""",""image"":"""",""label"":""""}}}}",,,"IOPL > BoxFox, IOPL","Min. Quantity","50, 100, 500, 1000, 5000",1,1,,0,,classic-editor,1,"<p><strong>What's Good About It</strong></p>
<ul>
<li>Made from 3 ply kraft Paper</li>
<li>Internal Size: 14<span class=""a-list-item"">"" Length x 12"" Width x 3.5"" Depth</span></li>
<li>Curated design adds personality to your products</li>
<li><span class=""a-list-item"">Use for Packaging, Moving, Shipping,</span></li>
</ul>
",no,no,,,,0,0,added,added,no,yes,yes,,no,,,,no,,no,no,yes,yes,,no,,,,,yes,yes,,,,,,,no,no,,,,no,,no,,,,,sync-and-show,,,none,,1,59,0,yes,2,8420,8420,1771580201,,,,,,,,,
10273,variable,COR016W,,"3 Ply Duplex Plain White Mailer Box  4*4*2 Inch",1,0,visible,,"<span class=""a-list-item"">This corrugated box is made of recyclable cardboard paper. </span>Easy to Assemble: These  shipping boxes are assembled in seconds without tape, glue, or staples. T<span class=""a-list-item"">his box use for Packaging, Moving, Shipping, Packing, Home Shifting, Books And Storing Etc.  </span>\n\n&nbsp;\n\n<strong>Specifications\n</strong>10.16x10.16x5.08 CM | 4x4x2 Inches\n\n<strong>NOTE: <em>The above mentioned uses depends on the size of the item.</em></strong>\n\nFor the ease of delivery and to ensure the product is not damaged, the boxes delivered are unfolded/flat for the customers.\n\n<strong>Color Accuracy:</strong> While we do our best to ensure that the product colors shown on our website are accurate, during production due to inks used, weather conditions and paper textures there may be subtle color differences. Due to the fact that our products are made to order, and can’t be returned, you should be sure that any slight color variations (if any) that are possible from our final printed products would be acceptable.",,,taxable,tax-18,1,,,0,0,,,,,0,,,,"Packaging > Corrugated, Packaging > Corrugated Mailer Boxes, Packaging","Brown Box, Corrugated Box, Shipper Box",Courier,"https://boxfox.in/wp-content/uploads/2022/11/55-copy.png, https://boxfox.in/wp-content/uploads/2022/11/Mailer_Box_Mockup_1-copy-scaled.jpg, https://boxfox.in/wp-content/uploads/2022/11/Mailer_Box_Mockup_3-copy-1.png, https://boxfox.in/wp-content/uploads/2022/11/4x4x2.jpg",,,,,"COR013, COR015, COR014, COR016, COR011, COR010, COR012, COR013W, COR015W, COR014W, COR011W, COR010W, COR012W",,,,0,,,,"{""pa_quantity"":{""type"":"""",""shape"":"""",""size"":"""",""custom_size"":{""width"":30,""height"":30},""swatches"":{""934"":{""color"":"""",""image"":"""",""label"":""""},""788"":{""color"":"""",""image"":"""",""label"":""""},""790"":{""color"":"""",""image"":"""",""label"":""""},""791"":{""color"":"""",""image"":"""",""label"":""""},""958"":{""color"":"""",""image"":"""",""label"":""""}}}}",,,"IOPL > BoxFox, IOPL","Min. Quantity","50, 100, 500, 1000, 5000",1,1,,0,,classic-editor,1,"<p><strong>What's Good About It</strong></p>
<ul>
<li>Made from 3 ply kraft Paper</li>
<li>Internal Size: 4<span class=""a-list-item"">"" Length x 4"" Width x 2"" Depth</span></li>
<li>Curated design adds personality to your products</li>
<li><span class=""a-list-item"">Use for Packaging, Moving, Shipping,</span></li>
</ul>
",no,no,,,,0,0,added,added,no,yes,yes,,no,,,,no,,no,no,yes,yes,,no,,,,,yes,yes,,,,,,,no,no,,,,no,,no,,,,,sync-and-show,,,none,,1,48,0,yes,2,8162,8166,1771555871,5133,,,,,,,,
10279,variable,BOXFOX0009C1,,"3 Ply Duplex Multi-Color Cake Boxes for 500gram 8*8*5 Inch ""Cake n Pastries""",1,0,visible,,"<strong>Use these boxes for:</strong>\n\nCupcakes - Can hold up to 8 cupcakes\nBrownies - Can hold up to 6 brownies\nPastries - Can hold up to 4 pastries\nMithai -  Can hold Up to 500 grm of mithai\nBread loaves - Can hold Up to 2 bread loaves\nDonuts - Can hold up to 4 donuts\nCupcakes - Can hold up to 12 mini cupcakes\n\n<strong>Non-bakery usage:</strong>\n\nCandles\nSoaps\nHand creams &amp; lotions\nGift box\nSouvenirs\nStationery\nApparel\nCrackers\n\n*<span class=""a-list-item"">These Cake boxes are proudly made in the 3 ply cardboard with Duplex material that does not tear or bend easily. Multicolor one side printed. Pan India &amp; International Delivery. Easy to open, close and deliver.</span>\n\n<strong>*The above mentioned uses depends on the size of the items.</strong>\n\n<strong>NOTE -</strong> For the ease of delivery and to ensure the product is not damaged, the boxes delivered are unfolded/flat for the customers.\n\n<strong>Specifications</strong>\n20.32x20.32x12.7 CM | 8x8x5 Inches\n\n<strong>Color Accuracy :</strong> While we do our best to ensure that the product colors shown on our website are accurate, during production due to inks used, weather conditions and paper textures there may be subtle color differences. Due to the fact that our products are made to order, and can't be returned, you should be sure that any slight color variations (if any) that are possible from our final printed products would be acceptable.",,,taxable,tax-18,1,,,0,0,,,,,0,,,,"Packaging > Duplex > Bakery Packaging, Packaging > Duplex > Bakery Packaging > Cakes, Packaging > Corrugated, Packaging > Duplex > Bakery Packaging > Cupcakes & Muffins","Cake, Cupcakes, Duplex Box",Courier,"https://boxfox.in/wp-content/uploads/2022/11/03-4.jpg, https://boxfox.in/wp-content/uploads/2022/11/CR-02.jpg, https://boxfox.in/wp-content/uploads/2022/11/8X8X5-02.jpg",,,,,"BOXFOX0011-C, BOXFOX0011C1, BOXFOX0009C1, BOXFOX0010C1, BOXFOX0010-C, BOXFOX0009-C",,,,0,,,,"{""pa_quantity"":{""type"":"""",""shape"":"""",""size"":"""",""custom_size"":{""width"":30,""height"":30},""swatches"":{""933"":{""color"":"""",""image"":"""",""label"":""""},""934"":{""color"":"""",""image"":"""",""label"":""""},""788"":{""color"":"""",""image"":"""",""label"":""""},""790"":{""color"":"""",""image"":"""",""label"":""""},""791"":{""color"":"""",""image"":"""",""label"":""""},""958"":{""color"":"""",""image"":"""",""label"":""""}}}}",,,"IOPL > BoxFox, IOPL","Min. Quantity","10, 100, 1000, 50, 500, 5000",1,1,,0,,classic-editor,1,"<p>Use these boxes for: Cupcakes - Can hold up to 8 cupcakes Brownies - Can hold up to 6 brownies Pastries - Can hold up to 4 pastries Mithai -  Can hold Up to 500 grm of mithai Bread loaves - Can hold Up...</p>
",no,no,,,,0,0,added,added,no,yes,yes,,no,,,,no,,no,no,yes,yes,,no,,,,,yes,yes,,,,,,,no,no,,,,no,,no,,,,,sync-and-show,,,none,,1,3,0,yes,2,9923,9927,1771583582,6149,,,,,,,,
10302,variable,BOXFOX0009-C,,"3 Ply Duplex Printed Cake Boxes for 500gram 8*8*5 Inch ""Multi-Color""",1,0,visible,,"<strong>Use these boxes for:</strong>\n\nCupcakes - Can hold up to 8 cupcakes\nBrownies - Can hold up to 6 brownies\nPastries - Can hold up to 4 pastries\nMithai -  Can hold Up to 500 gm of mithai\nBread loaves - Can hold Up to 2 bread loaves\nDonuts - Can hold up to 4 donuts\nCupcakes - Can hold up to 12 mini cupcakes\n\n<strong>Non-bakery usage:</strong>\n\nCandles\nSoaps\nHand creams &amp; lotions\nGift box\nSouvenirs\nStationery\nApparel\nCrackers\n\n*<span class=""a-list-item"">These Cake boxes are proudly made in the 3 ply cardboard with Duplex material that does not tear or bend easily. Multicolor one side printed. Pan India &amp; International Delivery. Easy to open, close and deliver.</span>\n\n<strong>*The above mentioned uses depends on the size of the items.</strong>\n\n<strong>NOTE -</strong> For the ease of delivery and to ensure the product is not damaged, the boxes delivered are unfolded/flat for the customers.\n\n<strong>Specifications</strong>\n20.32x20.32x12.7 CM | 8x8x5 Inches\n\n<strong>Color Accuracy:</strong> While we do our best to ensure that the product colors shown on our website are accurate, during production due to inks used, weather conditions and paper textures there may be subtle color differences. Due to the fact that our products are made to order, and can't be returned, you should be sure that any slight color variations (if any) that are possible from our final printed products would be acceptable.",,,taxable,tax-18,1,,,0,0,,,,,0,,,,"Packaging > Duplex > Bakery Packaging, Packaging > Duplex > Bakery Packaging > Brownies, Packaging > Duplex > Bakery Packaging > Cakes, Packaging > Corrugated, Packaging > Duplex > Bakery Packaging > Cupcakes & Muffins, Packaging","Bakery, Cake, Corrugated Box, Cupcakes, Duplex Box",Courier,"https://boxfox.in/wp-content/uploads/2022/11/01-4.jpg, https://boxfox.in/wp-content/uploads/2022/11/CR-01.jpg, https://boxfox.in/wp-content/uploads/2022/11/8X8X5-1.jpg",,,,,"BOXFOX0011-C, BOXFOX0011C1, BOXFOX0009C1, BOXFOX0010C1, BOXFOX0010-C, BOXFOX0009-C",,,,0,,,,"{""pa_quantity"":{""type"":"""",""shape"":"""",""size"":"""",""custom_size"":{""width"":30,""height"":30},""swatches"":{""933"":{""color"":"""",""image"":"""",""label"":""""},""934"":{""color"":"""",""image"":"""",""label"":""""},""788"":{""color"":"""",""image"":"""",""label"":""""},""790"":{""color"":"""",""image"":"""",""label"":""""},""791"":{""color"":"""",""image"":"""",""label"":""""},""958"":{""color"":"""",""image"":"""",""label"":""""}}}}",,,"IOPL > BoxFox, IOPL","Min. Quantity","10, 100, 1000, 50, 500, 5000",1,1,,0,,classic-editor,1,"<p>Use these boxes for: Cupcakes - Can hold up to 8 cupcakes Brownies - Can hold up to 6 brownies Pastries - Can hold up to 4 pastries Mithai -  Can hold Up to 500 grm of mithai Bread loaves - Can hold Up...</p>
",no,no,,,,0,0,added,added,no,yes,yes,,no,,,,no,,no,no,yes,yes,,no,,,,,yes,yes,,,,,,,no,no,,,,no,,no,,,,,sync-and-show,,,none,,1,102,0,yes,2,10477,10478,1771583857,5862,,,,,,,,
10309,variable,BOXFOX0010-C,,"3 Ply Duplex Printed Cake Boxes for 1kg 10*10*5 Inch ""Multi-Color""",1,0,visible,,"<strong>Use these boxes for:</strong>\n\nCupcakes - Can hold up to 8 cupcakes\nBrownies - Can hold up to 6 brownies\nPastries - Can hold up to 4 pastries\nMithai -  Can hold Up to 500 grm of mithai\nBread loaves - Can hold Up to 2 bread loaves\nDonuts - Can hold up to 4 donuts\nCupcakes - Can hold up to 12 mini cupcakes\n\n<strong>Non-bakery usage:</strong>\n\nCandles\nSoaps\nHand creams &amp; lotions\nGift box\nSouvenirs\nStationery\nApparel\nCrackers\n\n*<span class=""a-list-item"">These Cake boxes are proudly made in the 3 ply cardboard with Duplex material that does not tear or bend easily. Multicolor one side printed. Pan India &amp; International Delivery. Easy to open, close and deliver.</span>\n\n<strong>*The above mentioned uses depends on the size of the items.</strong>\n\n<strong>NOTE -</strong>  For the ease of delivery and to ensure the product is not damaged, the boxes delivered are unfolded/flat for the customers.\n\n<strong>Specifications</strong>\n25.4x25.4x12.7 CM | 10x10x5 Inches\n\n<strong>Color Accuracy :</strong> While we do our best to ensure that the product colors shown on our website are accurate, during production due to inks used, weather conditions and paper textures there may be subtle color differences. Due to the fact that our products are made to order, and can't be returned, you should be sure that any slight color variations (if any) that are possible from our final printed products would be acceptable.",,,taxable,tax-18,1,,,0,0,,,,,0,,,,"Packaging > Duplex > Bakery Packaging, Packaging > Duplex > Bakery Packaging > Cakes, Packaging > Corrugated, Packaging > Duplex > Bakery Packaging > Cupcakes & Muffins, Packaging > Duplex, Packaging","Bakery, Cake, Corrugated Box, Cupcakes",Courier,"https://boxfox.in/wp-content/uploads/2022/11/01-4.jpg, https://boxfox.in/wp-content/uploads/2022/11/CR-01.jpg, https://boxfox.in/wp-content/uploads/2022/11/10x10x5.jpg",,,,,"BOXFOX0011-C, BOXFOX0011C1, BOXFOX0009C1, BOXFOX0010C1, BOXFOX0010-C, BOXFOX0009-C",,,,0,,,,"{""pa_quantity"":{""type"":"""",""shape"":"""",""size"":"""",""custom_size"":{""width"":30,""height"":30},""swatches"":{""933"":{""color"":"""",""image"":"""",""label"":""""},""934"":{""color"":"""",""image"":"""",""label"":""""},""788"":{""color"":"""",""image"":"""",""label"":""""},""790"":{""color"":"""",""image"":"""",""label"":""""},""791"":{""color"":"""",""image"":"""",""label"":""""},""958"":{""color"":"""",""image"":"""",""label"":""""}}}}",,,"IOPL > BoxFox, IOPL","Min. Quantity","10, 100, 1000, 50, 500, 5000",1,1,,0,,classic-editor,1,"<p>Use these boxes for: Cupcakes - Can hold up to 8 cupcakes Brownies - Can hold up to 6 brownies Pastries - Can hold up to 4 pastries Mithai -  Can hold Up to 500 grm of mithai Bread loaves - Can hold Up...</p>
",no,no,,,,0,0,added,added,no,yes,yes,,no,,,,no,,no,no,yes,yes,,no,,,,,yes,yes,,,,,,,no,no,,,,no,,no,,,,,sync-and-show,,,none,,1,135,0,yes,2,9402,9404,1771570658,5850,,,,,,,,
10316,variable,BOXFOX0010C1,,"3 Ply Duplex Multi-Color Printed Cake Boxes for 1kg 10*10*5 Inch ""Cake n Pastries""",1,0,visible,,"<strong>Use these boxes for:</strong>\n\nCupcakes - Can hold up to 8 cupcakes\nBrownies - Can hold up to 6 brownies\nPastries - Can hold up to 4 pastries\nMithai -  Can hold Up to 500 gm of mithai\nBread loaves - Can hold Up to 2 bread loaves\nDonuts - Can hold up to 4 donuts\nCupcakes - Can hold up to 12 mini cupcakes\n\n<strong>Non-bakery usage:</strong>\n\nCandles\nSoaps\nHand creams &amp; lotions\nGift box\nSouvenirs\nStationery\nApparel\nCrackers\n\n*<span class=""a-list-item""> These Cake boxes are proudly made in the 3 ply cardboard with Duplex material that does not tear or bend easily. Multicolor one side printed. Pan India &amp; International Delivery. Easy to open, close and deliver.</span>\n\n<strong>*The above mentioned uses depends on the size of the items.</strong>\n\n<strong>NOTE</strong> -  For the ease of delivery and to ensure the product is not damaged, the boxes delivered are unfolded/flat for the customers.\n\n<strong>Specifications</strong>\n25.4x25.4x12.7 CM | 10x10x5 Inches\n\n<strong>Color Accuracy :</strong> While we do our best to ensure that the product colors shown on our website are accurate, during production due to inks used, weather conditions and paper textures there may be subtle color differences. Due to the fact that our products are made to order, and can't be returned, you should be sure that any slight color variations (if any) that are possible from our final printed products would be acceptable.",,,taxable,tax-18,1,,,0,0,,,,,0,,,,"Packaging > Duplex > Bakery Packaging, Packaging > Duplex > Bakery Packaging > Cakes, Packaging > Corrugated, Packaging > Duplex > Bakery Packaging > Cupcakes & Muffins","Bakery, Cake, Corrugated Box, Cupcakes",Courier,"https://boxfox.in/wp-content/uploads/2022/11/03-4.jpg, https://boxfox.in/wp-content/uploads/2022/11/CR-02.jpg, https://boxfox.in/wp-content/uploads/2022/11/10x10x5-02.jpg",,,,,"BOXFOX0011-C, BOXFOX0011C1, BOXFOX0009C1, BOXFOX0010C1, BOXFOX0010-C, BOXFOX0009-C",,,,0,,,,"{""pa_quantity"":{""type"":"""",""shape"":"""",""size"":"""",""custom_size"":{""width"":30,""height"":30},""swatches"":{""933"":{""color"":"""",""image"":"""",""label"":""""},""934"":{""color"":"""",""image"":"""",""label"":""""},""788"":{""color"":"""",""image"":"""",""label"":""""},""790"":{""color"":"""",""image"":"""",""label"":""""},""791"":{""color"":"""",""image"":"""",""label"":""""},""958"":{""color"":"""",""image"":"""",""label"":""""}}}}",,,"IOPL > BoxFox, IOPL","Min. Quantity","10, 50, 100, 500, 1000, 5000",1,1,,0,,classic-editor,1,"<p>Use these boxes for: Cupcakes - Can hold up to 8 cupcakes Brownies - Can hold up to 6 brownies Pastries - Can hold up to 4 pastries Mithai -  Can hold Up to 500 grm of mithai Bread loaves - Can hold Up...</p>
",no,no,,,,0,0,added,added,no,yes,yes,,no,,,,no,,no,no,yes,yes,,no,,,,,yes,yes,,,,,,,no,no,,,,no,,no,,,,,sync-and-show,,,none,,1,107,0,yes,2,10990,10990,1771577032,,,,,,,,,
10323,variable,FOOD137,,"3 Ply Duplex Plain White Pizza Packaging Box 12*12*1.5 Inch",1,0,visible,,"<ul class=""a-unordered-list a-vertical a-spacing-mini"">\n 	<li><span class=""a-list-item"">These pizza boxes are proudly made in the 3 ply with duplex material that does not tear or bend easily. It’s made of durable clay coated cardboard adding to even more strength and stability.</span></li>\n 	<li><span class=""a-list-item"">PERFECT SIZE: With a 12x12x1.5 Inches / 30.48x30.48x3.81 CM these boxes are the prefect size to keep your personal pie fresh and tasty until ready to use. Store additional pies in the box and take out for future use as needed.</span></li>\n</ul>\n&nbsp;\n\n<strong>NOTE:</strong>\n\n<em><strong>The above mentioned uses depends on the size of the item.</strong></em>\n\nFor the ease of delivery and to ensure the product is not damaged, the boxes delivered are unfolded/flat for the customers.\n\n<strong>Colour Accuracy:</strong> While we do our best to ensure that the product colors shown on our website are accurate, during production due to inks used, weather conditions and paper textures there may be subtle color differences. Due to the fact that our products are made to order, and can’t be returned, you should be sure that any slight color variations (if any) that are possible from our final printed products would be acceptable.",,,taxable,tax-18,1,,,0,0,,,,,0,,,,"Packaging > Corrugated, Packaging > Duplex, Packaging > Food, Packaging > Food Boxes, Packaging, Packaging > Pizza Boxes, Packaging > Food > Pizza Boxes","3 ply, Corrugated Box, Duplex Box",Courier,"https://boxfox.in/wp-content/uploads/2022/11/WhatsApp-Image-2022-11-22-at-11.31.39-AM.jpeg, https://boxfox.in/wp-content/uploads/2022/11/open-pizza-box.png, https://boxfox.in/wp-content/uploads/2022/11/04-1.jpg",,,,,"FOOD141W, FOOD137W, FOOD119W, FOOD141, FOOD137, FOOD119, FOOD141K, FOOD137k, FOOD119K",,,,0,,,,"{""pa_quantity"":{""type"":"""",""shape"":"""",""size"":"""",""custom_size"":{""width"":30,""height"":30},""swatches"":{""933"":{""color"":"""",""image"":"""",""label"":""""},""934"":{""color"":"""",""image"":"""",""label"":""""},""788"":{""color"":"""",""image"":"""",""label"":""""},""790"":{""color"":"""",""image"":"""",""label"":""""},""791"":{""color"":"""",""image"":"""",""label"":""""},""958"":{""color"":"""",""image"":"""",""label"":""""}}}}",,,"IOPL > BoxFox, IOPL","Min. Quantity","10, 100, 1000, 50, 500, 5000",1,1,,0,,classic-editor,1,"<p><strong>What's Good About It</strong></p>
<ul>
<li>Made from 3 ply Corrugated with Duplex</li>
<li>Internal Size: 12<span class=""a-list-item"">"" Length x 12"" Width x 1.5"" Depth </span></li>
<li>Curated design adds personality to your products</li>
</ul>
",no,no,,,,0,0,added,added,no,yes,yes,,no,,,,no,,no,no,yes,yes,,no,,,,,yes,yes,,,,,,,no,no,,,,no,,no,,,,,sync-and-show,,,none,,1,143,0,yes,2,10235,10237,1771581804,6444,,,,,,,,
10331,variable,FOOD137k,,"3 Ply Kraft Printed Pizza Packaging Box 12*12*1.5 Inch",1,0,visible,,"<ul class=""a-unordered-list a-vertical a-spacing-mini"">\n 	<li><span class=""a-list-item"">These pizza boxes are proudly made in the 3 ply Kraft material that does not tear or bend easily. It’s made of durable clay coated cardboard adding to even more strength and stability.</span></li>\n 	<li><span class=""a-list-item"">PERFECT SIZE: With a 12x12x1.5 Inches / 30.48x30.48x3.81 CM these boxes are the prefect size to keep your personal pie fresh and tasty until ready to use. Store additional pies in the box and take out for future use as needed.</span></li>\n</ul>\n&nbsp;\n\n<strong>NOTE:</strong>\n\n<em><strong>The above mentioned uses depends on the size of the item.</strong></em>\n\nFor the ease of delivery and to ensure the product is not damaged, the boxes delivered are unfolded/flat for the customers.\n\n<strong>Colour Accuracy:</strong> While we do our best to ensure that the product colors shown on our website are accurate, during production due to inks used, weather conditions and paper textures there may be subtle color differences. Due to the fact that our products are made to order, and can’t be returned, you should be sure that any slight color variations (if any) that are possible from our final printed products would be acceptable.",,,taxable,tax-18,1,,,0,0,,,,,0,,,,"Packaging > Corrugated, Packaging > Food, Packaging > Food Boxes, Packaging, Packaging > Food > Pizza Boxes, Packaging > Pizza Boxes","3 ply, Corrugated Box",Courier,"https://boxfox.in/wp-content/uploads/2022/11/03.jpg, https://boxfox.in/wp-content/uploads/2022/11/brown.png, https://boxfox.in/wp-content/uploads/2022/11/04-1.jpg",,,,,"FOOD141W, FOOD137W, FOOD119W, FOOD141, FOOD137, FOOD119, FOOD141K, FOOD137k, FOOD119K",,,,0,,,,"{""pa_quantity"":{""type"":"""",""shape"":"""",""size"":"""",""custom_size"":{""width"":30,""height"":30},""swatches"":{""933"":{""color"":"""",""image"":"""",""label"":""""},""934"":{""color"":"""",""image"":"""",""label"":""""},""788"":{""color"":"""",""image"":"""",""label"":""""},""790"":{""color"":"""",""image"":"""",""label"":""""},""791"":{""color"":"""",""image"":"""",""label"":""""},""958"":{""color"":"""",""image"":"""",""label"":""""}}}}",,,"IOPL > BoxFox, IOPL","Min. Quantity","10, 100, 1000, 50, 500, 5000",1,1,,0,,classic-editor,1,"<p><strong>What's Good About It</strong></p>
<ul>
<li>Made from 3 ply corrugated</li>
<li>Internal Size: 12<span class=""a-list-item"">"" Length x 12"" Width x 1.5"" Depth </span></li>
<li>Curated design adds personality to your products</li>
</ul>
",no,no,,,,0,0,added,added,no,yes,yes,,no,,,,no,,no,no,yes,yes,,no,,,,,yes,yes,,,,,,,no,no,,,,no,,no,,,,,sync-and-show,,,none,,1,148,0,yes,2,8947,8949,1771575387,5562,,,,,,,,
10338,variable,FOOD137W,,"3 Ply Duplex Multi-Color Printed Pizza Packaging Box 12*12*1.5 Inch",1,0,visible,,"<ul class=""a-unordered-list a-vertical a-spacing-mini"">\n 	<li><span class=""a-list-item"">These pizza boxes are proudly made in the 3 ply with duplex material that does not tear or bend easily. It’s made of durable clay coated cardboard adding to even more strength and stability.</span></li>\n 	<li><span class=""a-list-item"">PERFECT SIZE: With a 12x12x1.5 Inches / 30.48x30.48x3.81 CM these boxes are the prefect size to keep your personal pie fresh and tasty until ready to use. Store additional pies in the box and take out for future use as needed.</span></li>\n</ul>\n&nbsp;\n\n<strong>NOTE:</strong>\n\n<em><strong>The above mentioned uses depends on the size of the item.</strong></em>\n\nFor the ease of delivery and to ensure the product is not damaged, the boxes delivered are unfolded/flat for the customers.\n\n<strong>Colour Accuracy:</strong> While we do our best to ensure that the product colors shown on our website are accurate, during production due to inks used, weather conditions and paper textures there may be subtle color differences. Due to the fact that our products are made to order, and can’t be returned, you should be sure that any slight color variations (if any) that are possible from our final printed products would be acceptable.",,,taxable,tax-18,1,,,0,0,,,,,0,,,,"Packaging > Duplex, Packaging > Food, Packaging, Packaging > Pizza Boxes, Packaging > Food > Pizza Boxes","3 ply, Corrugated Box, Duplex Box",Courier,"https://boxfox.in/wp-content/uploads/2022/11/01.jpg, https://boxfox.in/wp-content/uploads/2022/11/open-pizza-box.png, https://boxfox.in/wp-content/uploads/2022/11/04-1.jpg",,,,,"FOOD141W, FOOD137W, FOOD119W, FOOD141, FOOD137, FOOD119, FOOD141K, FOOD137k, FOOD119K",,,,0,,,,"{""pa_quantity"":{""type"":"""",""shape"":"""",""size"":"""",""custom_size"":{""width"":30,""height"":30},""swatches"":{""933"":{""color"":"""",""image"":"""",""label"":""""},""934"":{""color"":"""",""image"":"""",""label"":""""},""788"":{""color"":"""",""image"":"""",""label"":""""},""790"":{""color"":"""",""image"":"""",""label"":""""},""791"":{""color"":"""",""image"":"""",""label"":""""},""958"":{""color"":"""",""image"":"""",""label"":""""}}}}",,,"IOPL > BoxFox, IOPL","Min. Quantity","10, 100, 1000, 50, 500, 5000",1,1,,0,,classic-editor,1,"<p><strong>What's Good About It</strong></p>
<ul>
<li>Made from 3 ply Corrugated Duplex material</li>
<li>Internal Size: 12<span class=""a-list-item"">"" Length x 12"" Width x 1.5"" Depth </span></li>
<li>Curated design adds personality to your products</li>
</ul>
",no,no,,,,0,0,added,added,no,yes,yes,,no,,,,no,,no,no,yes,yes,,no,,,,,yes,yes,,,,,,,no,no,,,,no,,no,,,,,sync-and-show,,,none,,1,154,0,yes,2,8574,8577,1771568190,5470,,,,,,,,
10345,variable,FOOD141,,"3 Ply Duplex Plain White Pizza Packaging Box 10*10*1.5 Inch",1,0,visible,,"<ol class=""a-unordered-list a-vertical a-spacing-mini"">\n 	<li><span class=""a-list-item"">These pizza boxes are proudly made in the 3 ply with duplex material that does not tear or bend easily. It’s made of durable clay coated cardboard adding to even more strength and stability.</span></li>\n</ol>\n<span class=""a-list-item""><strong>PERFECT SIZE :</strong> With a 10*10*1.5 Inches / 25.4x25.4x3.81 CM these boxes are the prefect size to keep your personal pie fresh and tasty until ready to use. Store additional pies in the box and take out for future use as needed.</span>\n\n<strong>NOTE: </strong>For the ease of delivery and to ensure the product is not damaged, the boxes delivered are unfolded/flat for the customers.\n\n<em><strong>The above mentioned uses depends on the size of the item.</strong></em>\n\n<strong>Color Accuracy:</strong> While we do our best to ensure that the product colors shown on our website are accurate, during production due to inks used, weather conditions and paper textures there may be subtle color differences. Due to the fact that our products are made to order, and can’t be returned, you should be sure that any slight color variations (if any) that are possible from our final printed products would be acceptable.",,,taxable,tax-18,1,,,0,0,,,,,0,,,,"Packaging > Corrugated, Packaging > Duplex, Packaging > Food, Packaging > Food Boxes, Packaging, Packaging > Food > Pizza Boxes, Packaging > Pizza Boxes","3 ply, Corrugated Box",Courier,"https://boxfox.in/wp-content/uploads/2022/11/WhatsApp-Image-2022-11-22-at-11.31.39-AM.jpeg, https://boxfox.in/wp-content/uploads/2022/11/open-pizza-box.png, https://boxfox.in/wp-content/uploads/2022/11/04.jpg",,,,,"FOOD141W, FOOD137W, FOOD119W, FOOD137, FOOD119, FOOD141K, FOOD137k, FOOD119K",,,,0,,,,"{""pa_quantity"":{""type"":"""",""shape"":"""",""size"":"""",""custom_size"":{""width"":30,""height"":30},""swatches"":{""933"":{""color"":"""",""image"":"""",""label"":""""},""934"":{""color"":"""",""image"":"""",""label"":""""},""788"":{""color"":"""",""image"":"""",""label"":""""},""790"":{""color"":"""",""image"":"""",""label"":""""},""791"":{""color"":"""",""image"":"""",""label"":""""},""958"":{""color"":"""",""image"":"""",""label"":""""}}}}",,,"IOPL > BoxFox, IOPL","Min. Quantity","10, 100, 1000, 50, 500, 5000",1,1,,0,,classic-editor,1,"<p><strong>What's Good About It</strong></p>
<ul>
<li>Made from 3 ply corrugated</li>
<li>Internal Size: 10<span class=""a-list-item"">"" Length x 10"" Width x 1.5"" Depth </span></li>
<li>Curated design adds personality to your products</li>
</ul>
",no,no,,,,0,0,added,added,no,yes,yes,,no,,,,no,,no,no,yes,yes,,no,,,,,yes,yes,,,,,,,no,no,,,,no,,no,,,,,sync-and-show,,,none,,1,128,0,yes,2,9633,9634,1771568778,5496,,,,,,,,
10352,variable,FOOD141K,,"3 Ply Kraft Printed Pizza Packaging Box 10*10*1.5 Inch",1,0,visible,,"<ol class=""a-unordered-list a-vertical a-spacing-mini"">\n 	<li><span class=""a-list-item"">These pizza boxes are proudly made in the 3 ply kraft material that does not tear or bend easily. It’s made of durable clay coated cardboard adding to even more strength and stability.</span></li>\n</ol>\n<span class=""a-list-item""><strong>PERFECT SIZE :</strong> With a 10*10*1.5 Inches / 25.4x25.4x3.81 CM these boxes are the prefect size to keep your personal pie fresh and tasty until ready to use. Store additional pies in the box and take out for future use as needed.</span>\n\n<strong>NOTE: </strong>For the ease of delivery and to ensure the product is not damaged, the boxes delivered are unfolded/flat for the customers.\n\n<em><strong>The above mentioned uses depends on the size of the item.</strong></em>\n\n<strong>Color Accuracy:</strong> While we do our best to ensure that the product colors shown on our website are accurate, during production due to inks used, weather conditions and paper textures there may be subtle color differences. Due to the fact that our products are made to order, and can’t be returned, you should be sure that any slight color variations (if any) that are possible from our final printed products would be acceptable.",,,taxable,tax-18,1,,,0,0,,,,,0,,,,"Packaging > Corrugated, Packaging > Food, Packaging > Food Boxes, Packaging, Packaging > Food > Pizza Boxes, Packaging > Pizza Boxes","3 ply, Corrugated Box",Courier,"https://boxfox.in/wp-content/uploads/2022/11/03.jpg, https://boxfox.in/wp-content/uploads/2022/11/brown.png, https://boxfox.in/wp-content/uploads/2022/11/04.jpg",,,,,"FOOD141W, FOOD137W, FOOD119W, FOOD141, FOOD137, FOOD119, FOOD137k, FOOD119K",,,,0,,,,"{""pa_quantity"":{""type"":"""",""shape"":"""",""size"":"""",""custom_size"":{""width"":30,""height"":30},""swatches"":{""933"":{""color"":"""",""image"":"""",""label"":""""},""934"":{""color"":"""",""image"":"""",""label"":""""},""788"":{""color"":"""",""image"":"""",""label"":""""},""790"":{""color"":"""",""image"":"""",""label"":""""},""791"":{""color"":"""",""image"":"""",""label"":""""},""958"":{""color"":"""",""image"":"""",""label"":""""}}}}",,,"IOPL > BoxFox, IOPL","Min. Quantity","10, 100, 1000, 50, 500, 5000",1,1,,0,,classic-editor,1,"<p><strong>What's Good About It</strong></p>
<ul>
<li>Made from 3 ply corrugated</li>
<li>Internal Size: 10<span class=""a-list-item"">"" Length x 10"" Width x 1.5"" Depth </span></li>
<li>Curated design adds personality to your products</li>
</ul>
",no,no,,,,0,0,added,added,no,yes,yes,,no,,,,no,,no,no,yes,yes,,no,,,,,yes,yes,,,,,,,no,no,,,,no,,no,,,,,sync-and-show,,,none,,1,136,0,yes,2,9317,9320,1771577728,5517,,,,,,,,
10408,variable,FOOD119W,,"3 Ply Duplex Multi-Color Printed Pizza Packaging Box 7*7*1.5 Inch",1,0,visible,,"<ul class=""a-unordered-list a-vertical a-spacing-mini"">\n 	<li><span class=""a-list-item"">These pizza boxes are proudly made in the 3 ply cardboard  material that does not tear or bend easily. It’s made of durable clay coated cardboard adding to even more strength and stability.</span></li>\n 	<li><span class=""a-list-item""><strong>PERFECT SIZE</strong>: With a 7x7x1.5 Inches / 17.78x17.78x3.81 CM these boxes are the prefect size to keep your personal pie fresh and tasty until ready to use. Store additional pies in the box and take out for future use as needed.</span></li>\n</ul>\n<strong>NOTE :</strong> For the ease of delivery and to ensure the product is not damaged, the boxes delivered are unfolded/flat for the customers.\n\n<em><strong>The above mentioned uses depends on the size of the item.</strong></em>\n\n<strong>Color Accuracy:</strong> While we do our best to ensure that the product colors shown on our website are accurate, during production due to inks used, weather conditions and paper textures there may be subtle color differences. Due to the fact that our products are made to order, and can’t be returned, you should be sure that any slight color variations (if any) that are possible from our final printed products would be acceptable.",,,taxable,tax-18,1,,,0,0,,,,,0,,,,"Packaging > Corrugated, Packaging, Packaging > Food > Pizza Boxes","3 ply, Corrugated Box",Courier,"https://boxfox.in/wp-content/uploads/2022/11/01.jpg, https://boxfox.in/wp-content/uploads/2022/11/open-pizza-box.png, https://boxfox.in/wp-content/uploads/2022/11/06.jpg",,,,,"FOOD141W, FOOD137W, FOOD141, FOOD137, FOOD119, FOOD141K, FOOD137k, FOOD119K",,,,0,,,,"{""pa_quantity"":{""type"":"""",""shape"":"""",""size"":"""",""custom_size"":{""width"":30,""height"":30},""swatches"":{""933"":{""color"":"""",""image"":"""",""label"":""""},""934"":{""color"":"""",""image"":"""",""label"":""""},""788"":{""color"":"""",""image"":"""",""label"":""""},""790"":{""color"":"""",""image"":"""",""label"":""""},""791"":{""color"":"""",""image"":"""",""label"":""""},""958"":{""color"":"""",""image"":"""",""label"":""""}}}}",,,"IOPL > BoxFox, IOPL","Min. Quantity","10, 100, 1000, 50, 500, 5000",1,1,,0,,classic-editor,1,"<p><strong>What's Good About It</strong></p>
<ul>
<li>Made from 3 ply corrugated</li>
<li>Internal Size: <span class=""a-list-item""> 7"" Length x 7"" Width x 1.5"" Depth </span></li>
<li>Curated design adds personality to your products</li>
</ul>
",no,no,,,,0,0,added,added,no,yes,yes,,no,,,,no,,no,no,yes,yes,,no,,,,,yes,yes,,,,,,,no,no,,,,no,,no,,,,,sync-and-show,,,none,,1,36,0,yes,2,8599,8602,1771540972,5114,,,,,,,,
10416,variable,FOOD141W,,"3 Ply Duplex Multi-Color Printed Pizza Packaging Box 10*10*1.5 Inch",1,0,visible,,"<ol class=""a-unordered-list a-vertical a-spacing-mini"">\n 	<li><span class=""a-list-item"">These pizza boxes are proudly made in the 3 ply kraft material that does not tear or bend easily. It’s made of durable clay coated cardboard adding to even more strength and stability.</span></li>\n</ol>\n<span class=""a-list-item""><strong>PERFECT SIZE:</strong> With a 10*10*1.5 Inches / 25.4x25.4x3.81 CM these boxes are the prefect size to keep your personal pie fresh and tasty until ready to use. Store additional pies in the box and take out for future use as needed.</span>\n\n<strong>NOTE: </strong>For the ease of delivery and to ensure the product is not damaged, the boxes delivered are unfolded/flat for the customers.\n\n<em><strong>The above mentioned uses depends on the size of the item.</strong></em>\n\n<strong>Color Accuracy:</strong> While we do our best to ensure that the product colors shown on our website are accurate, during production due to inks used, weather conditions and paper textures there may be subtle color differences. Due to the fact that our products are made to order, and can’t be returned, you should be sure that any slight color variations (if any) that are possible from our final printed products would be acceptable.",,,taxable,tax-18,1,,,0,0,,,,,0,,,,"Packaging > Corrugated, Packaging > Food, Packaging > Food Boxes, Packaging, Packaging > Food > Pizza Boxes, Packaging > Pizza Boxes","3 ply, Corrugated Box",Courier,"https://boxfox.in/wp-content/uploads/2022/11/01.jpg, https://boxfox.in/wp-content/uploads/2022/11/open-pizza-box.png, https://boxfox.in/wp-content/uploads/2022/11/04.jpg",,,,,"FOOD137W, FOOD119W, FOOD141, FOOD137, FOOD119, FOOD141K, FOOD137k, FOOD119K",,,,0,,,,"{""pa_quantity"":{""type"":"""",""shape"":"""",""size"":"""",""custom_size"":{""width"":30,""height"":30},""swatches"":{""933"":{""color"":"""",""image"":"""",""label"":""""},""934"":{""color"":"""",""image"":"""",""label"":""""},""788"":{""color"":"""",""image"":"""",""label"":""""},""790"":{""color"":"""",""image"":"""",""label"":""""},""791"":{""color"":"""",""image"":"""",""label"":""""},""958"":{""color"":"""",""image"":"""",""label"":""""}}}}",,,"IOPL > BoxFox, IOPL","Min. Quantity","10, 100, 1000, 50, 500, 5000",1,1,,0,,classic-editor,1,"<p><strong>What's Good About It</strong></p>
<ul>
<li>Made from 3 ply corrugated</li>
<li>Internal Size: 10<span class=""a-list-item"">"" Length x 10"" Width x 1.5"" Depth </span></li>
<li>Curated design adds personality to your products</li>
</ul>
",no,no,,,,0,0,added,added,no,yes,yes,,no,,,,no,,no,no,yes,yes,,no,,,,,yes,yes,,,,,,,no,no,,,,no,,no,,,,,sync-and-show,,,none,,1,136,0,yes,2,8648,8646,1771586155,,,,,,,,,
10436,variable,FOOD119,,"3 Ply Duplex Plain White Pizza Packaging Box 7*7*1.5 Inch",1,0,visible,,"<ol class=""a-unordered-list a-vertical a-spacing-mini"">\n 	<li><span class=""a-list-item"">These pizza boxes are proudly made in the 3 ply with duplex material that does not tear or bend easily. It’s made of durable clay coated cardboard adding to even more strength and stability.</span></li>\n</ol>\n<span class=""a-list-item""><strong>PERFECT SIZE</strong>: With a 7*7*1.5 Inches / 18x18x3.81 CM these boxes are the prefect size to keep your personal pie fresh and tasty until ready to use. Store additional pies in the box and take out for future use as needed.</span>\n\n<strong>NOTE : </strong>For the ease of delivery and to ensure the product is not damaged, the boxes delivered are unfolded/flat for the customers.\n\n<em><strong>The above mentioned uses depends on the size of the item.</strong></em>\n\n<strong>Color Accuracy:</strong> While we do our best to ensure that the product colors shown on our website are accurate, during production due to inks used, weather conditions and paper textures there may be subtle color differences. Due to the fact that our products are made to order, and can’t be returned, you should be sure that any slight color variations (if any) that are possible from our final printed products would be acceptable.",,,taxable,tax-18,1,,,0,0,,,,,0,,,,"Packaging > Corrugated, Packaging > Duplex, Packaging > Food, Packaging > Food Boxes, Packaging, Packaging > Food > Pizza Boxes, Packaging > Pizza Boxes","3 ply, Corrugated Box",Courier,"https://boxfox.in/wp-content/uploads/2022/11/WhatsApp-Image-2022-11-22-at-11.31.39-AM.jpeg, https://boxfox.in/wp-content/uploads/2022/11/open-pizza-box.png, https://boxfox.in/wp-content/uploads/2022/11/06.jpg",,,,,"FOOD141W, FOOD137W, FOOD119W, FOOD137, FOOD141K, FOOD137k, FOOD119K",,,,0,,,,"{""pa_quantity"":{""type"":"""",""shape"":"""",""size"":"""",""custom_size"":{""width"":30,""height"":30},""swatches"":{""933"":{""color"":"""",""image"":"""",""label"":""""},""934"":{""color"":"""",""image"":"""",""label"":""""},""788"":{""color"":"""",""image"":"""",""label"":""""},""790"":{""color"":"""",""image"":"""",""label"":""""},""791"":{""color"":"""",""image"":"""",""label"":""""},""958"":{""color"":"""",""image"":"""",""label"":""""}}}}",,,"IOPL > BoxFox, IOPL","Min. Quantity","10, 100, 1000, 50, 500, 5000",1,1,,0,,classic-editor,1,"<p><strong>What's Good About It</strong></p>
<ul>
<li>Made from 3 ply corrugated</li>
<li>Internal Size: 7<span class=""a-list-item"">x7x1.5</span></li>
<li>Curated design adds personality to your products</li>
</ul>
",no,no,,,,0,0,added,added,no,yes,yes,,no,,,,no,,no,no,yes,yes,,no,,,,,yes,yes,,,,,,,no,no,,,,no,,no,,,,,sync-and-show,,,none,,1,157,0,yes,2,9090,9090,1771582816,,,,,,,,,
10443,variable,BOXFOX0011-C,,"3 Ply Cake Boxes Multi-Color Printed for 2kg 12*12*5 Inches ""Cake n Pastries""",1,0,visible,,"Cupcakes - Can hold up to 20 cupcakes\nBrownies - Can hold up to 18 brownies\nPastries - Can hold up to 10 pastries\nMithai -  Can hold Up to 2 kg of mithai\nBread loaves - Can hold Up to 4 bread loaves\nDonuts - Can hold up to 10 donuts\nCupcakes - Can hold up to 40 mini cupcakes\n\n<strong>Non-bakery usage:</strong>\n\nCandles\nSoaps\nHand creams &amp; lotions\nGift box\nSouvenirs\nStationery\nApparel\nCrackers\n\n*Made from 350 gsm food-safe SBS ITC board material. Multicolor printed and one side laminated. Pan India &amp; International Delivery. Easy to open, close and deliver.\n\n<strong>*The above mentioned uses depends on the size of the items.</strong>\n\n<strong>NOTE</strong> -  For the ease of delivery and to ensure the product is not damaged, the boxes delivered are unfolded/flat for the customers.\n\n<strong>Specifications</strong>\n30.48x30.48x12.7 CM | 12x12x5 Inches\n\n<strong>Color Accuracy :</strong> While we do our best to ensure that the product colors shown on our website are accurate, during production due to inks used, weather conditions and paper textures there may be subtle color differences. Due to the fact that our products are made to order, and can't be returned, you should be sure that any slight color variations (if any) that are possible from our final printed products would be acceptable.",,,taxable,tax-18,1,,,0,0,.2,31,31,13,0,,,,"Packaging > Duplex > Bakery Packaging, Packaging > Duplex > Bakery Packaging > Cakes, Packaging > Duplex > Bakery Packaging > Cupcakes & Muffins, Packaging > Duplex, Packaging","Cake, Corrugated Box, Cupcakes, Duplex Box",Courier,"https://boxfox.in/wp-content/uploads/2022/11/03-4.jpg, https://boxfox.in/wp-content/uploads/2022/11/CR-02.jpg, https://boxfox.in/wp-content/uploads/2022/11/12x12x5.jpg",,,,,"BOXFOX0010, BOXFOX0010-1, BOXFOX0011, BOXFOX0011-1, BOXFOX0009-1, BOXFOX0009",,,,0,,,,"{""pa_quantity"":{""type"":"""",""shape"":"""",""size"":"""",""custom_size"":{""width"":30,""height"":30},""swatches"":{""933"":{""color"":"""",""image"":"""",""label"":""""},""934"":{""color"":"""",""image"":"""",""label"":""""},""788"":{""color"":"""",""image"":"""",""label"":""""},""790"":{""color"":"""",""image"":"""",""label"":""""},""791"":{""color"":"""",""image"":"""",""label"":""""},""958"":{""color"":"""",""image"":"""",""label"":""""}}}}",,,"IOPL > BoxFox, IOPL","Min. Quantity","10, 100, 1000, 50, 500, 5000",1,1,,0,,classic-editor,1,"<p>Use these boxes for: Cupcakes - Can hold up to 20 cupcakes. Brownies - Can hold up to 18 brownies. Pastries - Can hold up to 10 pastries. Mithai -  Can hold Up to 2 kg of mithai. Bread loaves - Can hold Up...</p>
",no,no,,,,0,0,added,added,no,yes,yes,,no,,,,no,,no,no,yes,yes,,no,,,,,yes,yes,,,,,,,no,no,,,,no,,no,,,,,sync-and-show,,,none,,1,12,0,yes,2,10057,10064,1771585585,5905,,,,,,,,
10451,variable,BOXFOX0011C1,,"3 Ply Cake Boxes Multi-Color Printed for 2kg 12*12*5 Inches",1,0,visible,,"Cupcakes - Can hold up to 20 cupcakes\nBrownies - Can hold up to 18 brownies\nPastries - Can hold up to 10 pastries\nMithai -  Can hold Up to 2 kg of mithai\nBread loaves - Can hold Up to 4 bread loaves\nDonuts - Can hold up to 10 donuts\nCupcakes - Can hold up to 40 mini cupcakes\n\nNon-bakery usage:\n\nCandles\nSoaps\nHand creams &amp; lotions\nGift box\nSouvenirs\nStationery\nApparel\nCrackers\n\n*Made from 350 gsm food-safe SBS ITC board material. Multicolor printed and one side laminated. Pan India &amp; International Delivery. Easy to open, close and deliver.\n\n<strong>*The above mentioned uses depends on the size of the items.</strong>\n\n<strong>NOTE</strong> - For the ease of delivery and to ensure the product is not damaged, the boxes delivered are unfolded/flat for the customers.\n\n<strong>Specifications</strong>\n30.48x30.48x12.7 CM | 12x12x5 Inches\n\n<strong>Color Accuracy:</strong> While we do our best to ensure that the product colors shown on our website are accurate, during production due to inks used, weather conditions and paper textures there may be subtle color differences. Due to the fact that our products are made to order, and can't be returned, you should be sure that any slight color variations (if any) that are possible from our final printed products would be acceptable.",,,taxable,tax-18,1,,,0,0,.2,31,31,13,0,,,,"Packaging > Duplex > Bakery Packaging, Packaging > Duplex > Bakery Packaging > Cakes, Packaging > Duplex > Bakery Packaging > Cupcakes & Muffins, Packaging > Duplex","Cake, Corrugated Box, Cupcakes, Duplex Box",Courier,"https://boxfox.in/wp-content/uploads/2022/11/01-4.jpg, https://boxfox.in/wp-content/uploads/2022/11/CR-01.jpg, https://boxfox.in/wp-content/uploads/2022/11/12x12x5-1.jpg",,,,,"BOXFOX0010, BOXFOX0010-1, BOXFOX0011, BOXFOX0011-1, BOXFOX0009-1, BOXFOX0009",,,,0,,,,"{""pa_quantity"":{""type"":"""",""shape"":"""",""size"":"""",""custom_size"":{""width"":30,""height"":30},""swatches"":{""933"":{""color"":"""",""image"":"""",""label"":""""},""934"":{""color"":"""",""image"":"""",""label"":""""},""788"":{""color"":"""",""image"":"""",""label"":""""},""790"":{""color"":"""",""image"":"""",""label"":""""},""791"":{""color"":"""",""image"":"""",""label"":""""},""958"":{""color"":"""",""image"":"""",""label"":""""}}}}",,,"IOPL > BoxFox, IOPL","Min. Quantity","10, 50, 100, 500, 1000, 5000",1,1,,0,,classic-editor,1,"<p>Use these boxes for: Cupcakes - Can hold up to 20 cupcakes. Brownies - Can hold up to 18 brownies. Pastries - Can hold up to 10 pastries. Mithai -  Can hold Up to 2 kg of mithai. Bread loaves - Can hold Up...</p>
",no,no,,,,0,0,added,added,no,yes,yes,,no,,,,no,,no,no,yes,yes,,no,,,,,yes,yes,,,,,,,no,no,,,,no,,no,,,,,sync-and-show,,,none,,1,22,0,yes,2,9528,9528,1771579825,,,,,,,,,
10510,variable,,,"3 Ply Sweet Boxes Multi-Color Printed for 1kg 10.3*7.6*1.3 Inch",1,0,visible,,"*Made from 3 ply kraft material that does not tear or bend easily. It’s made of durable clay coated cardboard adding to even more strength and stability. Multicolor printed and both side laminated. Pan India &amp; International Delivery. Easy to open, close and deliver.\n<ul>\n 	<li>Light weight</li>\n 	<li>Flawless finish</li>\n 	<li>Moisture proof</li>\n 	<li>Durable</li>\n 	<li>Tear resistance</li>\n 	<li>Water proof prints</li>\n</ul>\n<strong>*The above mentioned uses depends on the size of the items.</strong>\n\n<strong>NOTE</strong> – For the ease of delivery and to ensure the product is not damaged, the boxes delivered are unfolded/flat for the customers.\n\n<strong>Specification</strong>\n\nCM |  Inches\n\n<strong>Color Accuracy:</strong> While we do our best to ensure that the product colors shown on our website are accurate, during production due to inks used, weather conditions and paper textures there may be subtle color differences. Due to the fact that our products are made to order, and can’t be returned, you should be sure that any slight color variations (if any) that are possible from our final printed products would be acceptable.\n<div id=""jp-relatedposts"" class=""jp-relatedposts"">\n<div class=""jp-relatedposts-items jp-relatedposts-items-minimal jp-relatedposts-grid "">\n<p class=""jp-relatedposts-post jp-relatedposts-post0"" data-post-id=""6178"" data-post-format=""false""></p>\n\n</div>\n</div>",,,taxable,tax-18,0,,,0,0,,,,,0,,,,"Packaging > Corrugated, Corrugated Sweet Boxes",,Courier,"https://boxfox.in/wp-content/uploads/2022/12/02.jpg, https://boxfox.in/wp-content/uploads/2022/12/01-scaled.jpg",,,,,,,,,0,,,,,,,"IOPL > BoxFox, IOPL",,,,,,0,,classic-editor,1,"<div class=""woocommerce-product-details__short-description"">
<div class=""mf-features-text"">
<p>Use these boxes for Sweet/Mithai packaging Up to 1 kg of mithai &amp; Brownies Can hold up to 8 brownies Non-bakery usage: Candles Soaps Gift box Souvenirs Stationery Apparel Advantages of Boxfox Boxes.</p>
</div>
</div>
",no,yes,,,,0,0,added,added,no,yes,yes,,no,,,,no,,no,no,yes,yes,,no,,,,,yes,yes,,,,,,,no,no,,,,no,,no,,,,,sync-and-show,,,none,,1,171,,,,5755,5756,1771565400,3242,,,,,,,,
10513,simple,,,"3 Ply Sweet Boxes Multi-Color Printed for 500gram 7.6*6.1*1.3 Inch",1,0,visible,,"*Made from 3 ply kraft material that does not tear or bend easily. It’s made of durable clay coated cardboard adding to even more strength and stability. Multicolor printed and both side laminated. Pan India &amp; International Delivery. Easy to open, close and deliver.\n<ul>\n 	<li>Light weight</li>\n 	<li>Flawless finish</li>\n 	<li>Moisture proof</li>\n 	<li>Durable</li>\n 	<li>Tear resistance</li>\n 	<li>Water proof prints</li>\n</ul>\n<strong>*The above mentioned uses depends on the size of the items.</strong>\n\n<strong>NOTE</strong> – For the ease of delivery and to ensure the product is not damaged, the boxes delivered are unfolded/flat for the customers.\n\n<strong>Specification</strong>\n\nCM |  Inches\n\n<strong>Color Accuracy:</strong> While we do our best to ensure that the product colors shown on our website are accurate, during production due to inks used, weather conditions and paper textures there may be subtle color differences. Due to the fact that our products are made to order, and can’t be returned, you should be sure that any slight color variations (if any) that are possible from our final printed products would be acceptable.",,,taxable,tax-18,1,,,0,0,,,,,0,,,,"Packaging > Corrugated, Corrugated Sweet Boxes",,Courier,"https://boxfox.in/wp-content/uploads/2022/12/04.jpg, https://boxfox.in/wp-content/uploads/2022/12/03-scaled.jpg",,,,,,,,,0,,,,,,,"IOPL > BoxFox, IOPL",,,,,,0,,classic-editor,1,"<p>Use these boxes for Sweet/Mithai packaging Up to 1 kg of mithai &amp; Brownies Can hold up to 6 brownies Non-bakery usage: Candles Soaps Gift box Souvenirs Stationery Apparel Advantages of Boxfox Boxes.</p>
",no,yes,,,,0,0,added,added,no,yes,yes,,no,,,,no,,no,no,yes,yes,,no,,,,,yes,yes,,,,,,,no,no,,,,no,,no,,,,,sync-and-show,,,none,,1,172,,,,5519,5521,1771571194,3735,,,,,,,,
10526,variable,FOOD137W-1,,"3 Ply Duplex Multi-Color Printed Pizza Packaging Box 12*12*1.5 Inch",1,0,visible,,"<ul class=""a-unordered-list a-vertical a-spacing-mini"">\n 	<li><span class=""a-list-item"">These pizza boxes are proudly made in the 3 ply with duplex material that does not tear or bend easily. It’s made of durable clay coated cardboard adding to even more strength and stability.</span></li>\n 	<li><span class=""a-list-item"">PERFECT SIZE: With a 12x12x1.5 Inches / 30.48x30.48x3.81 CM these boxes are the prefect size to keep your personal pie fresh and tasty until ready to use. Store additional pies in the box and take out for future use as needed.</span></li>\n</ul>\n&nbsp;\n\n<strong>NOTE:</strong>\n\n<em><strong>The above mentioned uses depends on the size of the item.</strong></em>\n\nFor the ease of delivery and to ensure the product is not damaged, the boxes delivered are unfolded/flat for the customers.\n\n<strong>Colour Accuracy:</strong> While we do our best to ensure that the product colors shown on our website are accurate, during production due to inks used, weather conditions and paper textures there may be subtle color differences. Due to the fact that our products are made to order, and can’t be returned, you should be sure that any slight color variations (if any) that are possible from our final printed products would be acceptable.",,,taxable,tax-18,1,,,0,0,,,,,0,,,,"Packaging > Duplex, Packaging > Food, Packaging, Packaging > Food > Pizza Boxes, Packaging > Pizza Boxes","3 ply, Corrugated Box, Duplex Box",Courier,"https://boxfox.in/wp-content/uploads/2022/11/01.jpg, https://boxfox.in/wp-content/uploads/2022/11/open-pizza-box.png, https://boxfox.in/wp-content/uploads/2022/11/04-1.jpg",,,,,"FOOD141W, FOOD137W, FOOD119W, FOOD141, FOOD137, FOOD119, FOOD141K, FOOD137k, FOOD119K",,,,0,,,,"{""pa_quantity"":{""type"":"""",""shape"":"""",""size"":"""",""custom_size"":{""width"":30,""height"":30},""swatches"":{""933"":{""color"":"""",""image"":"""",""label"":""""},""788"":{""color"":"""",""image"":"""",""label"":""""},""791"":{""color"":"""",""image"":"""",""label"":""""},""934"":{""color"":"""",""image"":"""",""label"":""""},""790"":{""color"":"""",""image"":"""",""label"":""""},""958"":{""color"":"""",""image"":"""",""label"":""""}}}}",,,,"Min. Quantity","10, 100, 1000, 50, 500, 5000",1,1,,0,,classic-editor,1,"<p><strong>What's Good About It</strong></p>
<ul>
<li>Made from 3 ply Corrugated Duplex material</li>
<li>Internal Size: 12<span class=""a-list-item"">"" Length x 12"" Width x 1.5"" Depth </span></li>
<li>Curated design adds personality to your products</li>
</ul>
",no,no,,,,0,0,added,added,no,yes,yes,,no,,,,no,,no,no,yes,yes,,no,,,,,yes,yes,,,,,,,no,no,,,,no,,no,,,,,sync-and-show,,,none,,1,154,0,yes,2,5853,5853,1771578395,,,,10,,,,,
10257,variation,COR013Wa,,"3 Ply Duplex Plain White Mailer Box  10*7*3.5 inch - 50",1,0,visible,,,,,taxable,tax-18,1,,,0,0,14,44.6,28,16,0,,1100,1700,,,Courier,,,,COR013W,,,,,,1,,,,,,,,"Min. Quantity",50,,1,,,,,,,,,,,,,,,,,,,,,,,,,,,,,,,,,,,,,,,,,,,,,,,,,,,,,,,,,,,,,,57,,,,,,,,,,,,,,none,
10258,variation,COR013Wb,,"3 Ply Duplex Plain White Mailer Box  10*7*3.5 inch - 100",1,0,visible,,,,,taxable,tax-18,1,,,0,0,26,44.6,28,31,0,,2100,3400,,,Courier,,,,COR013W,,,,,,2,,,,,,,,"Min. Quantity",100,,1,,,,,,,,,,,,,,,,,,,,,,,,,,,,,,,,,,,,,,,,,,,,,,,,,,,,,,,,,,,,,,56,,,,,,,,,,,,,,none,
10259,variation,COR013Wc,,"3 Ply Duplex Plain White Mailer Box  10*7*3.5 inch - 500",1,0,visible,,,,,taxable,tax-18,1,,,0,0,123,44.6,28,153,0,,9500,17000,,,Courier,,,,COR013W,,,,,,3,,,,,,,,"Min. Quantity",500,,1,,,,,,,,,,,,,,,,,,,,,,,,,,,,,,,,,,,,,,,,,,,,,,,,,,,,,,,,,,,,,,38,,,,,,,,,,,,,,none,
10260,variation,COR013Wd,,"3 Ply Duplex Plain White Mailer Box  10*7*3.5 inch - 1000",1,0,visible,,,,,taxable,tax-18,1,,,0,0,244,44.6,28,307,0,,17720,34000,,,Courier,,,,COR013W,,,,,,4,,,,,,,,"Min. Quantity",1000,,1,,,,,,,,,,,,,,,,,,,,,,,,,,,,,,,,,,,,,,,,,,,,,,,,,,,,,,,,,,,,,,109,,,,,,,,,,,,,,none,
10261,variation,COR013We,,"3 Ply Duplex Plain White Mailer Box  10*7*3.5 inch - 5000",1,0,visible,,,,,taxable,tax-18,1,,,0,0,1213,44.6,28,1532,0,,80350,170000,,,Courier,,,,COR013W,,,,,,5,,,,,,,,"Min. Quantity",5000,,1,,,,,,,,,,,,,,,,,,,,,,,,,,,,,,,,,,,,,,,,,,,,,,,,,,,,,,,,,,,,,,81,,,,,,,,,,,,,,none,
10266,variation,COR014Wa,,"3 Ply Duplex Plain White Mailer Box  14*12*3.5 Inch - 50",1,0,visible,,,,,taxable,tax-18,1,,,0,0,22,54.4,40.4,16,0,,2000,3100,,,Courier,,,,COR014W,,,,,,1,,,,,,,,"Min. Quantity",50,,1,,,,,,,,,,,,,,,,,,,,,,,,,,,,,,,,,,,,,,,,,,,,,,,,,,,,,,,,,,,,,,46,,,,,,,,,,,,,,none,
10267,variation,COR014Wb,,"3 Ply Duplex Plain White Mailer Box  14*12*3.5 Inch - 100",1,0,visible,,,,,taxable,tax-18,1,,,0,0,41,54.4,40.4,31,0,,3700,6200,,,Courier,,,,COR014W,,,,,,2,,,,,,,,"Min. Quantity",100,,1,,,,,,,,,,,,,,,,,,,,,,,,,,,,,,,,,,,,,,,,,,,,,,,,,,,,,,,,,,,,,,60,,,,,,,,,,,,,,none,
10268,variation,COR014Wc,,"3 Ply Duplex Plain White Mailer Box  14*12*3.5 Inch - 500",1,0,visible,,,,,taxable,tax-18,1,,,0,0,196,54.4,40.4,153,0,,17000,31000,,,Courier,,,,COR014W,,,,,,3,,,,,,,,"Min. Quantity",500,,1,,,,,,,,,,,,,,,,,,,,,,,,,,,,,,,,,,,,,,,,,,,,,,,,,,,,,,,,,,,,,,70,,,,,,,,,,,,,,none,
10269,variation,COR014Wd,,"3 Ply Duplex Plain White Mailer Box  14*12*3.5 Inch - 1000",1,0,visible,,,,,taxable,tax-18,1,,,0,0,391,54.4,40.4,307,0,,32160,62000,,,Courier,,,,COR014W,,,,,,4,,,,,,,,"Min. Quantity",1000,,1,,,,,,,,,,,,,,,,,,,,,,,,,,,,,,,,,,,,,,,,,,,,,,,,,,,,,,,,,,,,,,109,,,,,,,,,,,,,,none,
10270,variation,COR014We,,"3 Ply Duplex Plain White Mailer Box  14*12*3.5 Inch - 5000",1,0,visible,,,,,taxable,tax-18,1,,,0,0,1948,54.4,40.4,1532,0,,147000,310000,,,Courier,,,,COR014W,,,,,,5,,,,,,,,"Min. Quantity",5000,,1,,,,,,,,,,,,,,,,,,,,,,,,,,,,,,,,,,,,,,,,,,,,,,,,,,,,,,,,,,,,,,110,,,,,,,,,,,,,,none,
10276,variation,COR016Wc,,"3 Ply Duplex Plain White Mailer Box  4*4*2 Inch - 500",1,0,visible,,,,,taxable,tax-18,1,,,0,0,34,21.6,16.4,153,0,,3500,7000,,,Courier,,,,COR016W,,,,,,3,,,,,,,,"Min. Quantity",500,,1,,,,,,,,,,,,,,,,,,,,,,,,,,,,,,,,,,,,,,,,,,,,,,,,,,,,,,,,,,,,,,51,,,,,,,,,,,,,,none,
10277,variation,COR016Wd,,"3 Ply Duplex Plain White Mailer Box  4*4*2 Inch - 1000",1,0,visible,,,,,taxable,tax-18,1,,,0,0,68,21.6,16.4,307,0,,6480,14000,,,Courier,,,,COR016W,,,,,,4,,,,,,,,"Min. Quantity",1000,,1,,,,,,,,,,,,,,,,,,,,,,,,,,,,,,,,,,,,,,,,,,,,,,,,,,,,,,,,,,,,,,87,,,,,,,,,,,,,,none,
10278,variation,COR016We,,"3 Ply Duplex Plain White Mailer Box  4*4*2 Inch - 5000",1,0,visible,,,,,taxable,tax-18,1,,,0,0,326,21.6,16.4,1532,0,,26150,70000,,,Courier,,,,COR016W,,,,,,5,,,,,,,,"Min. Quantity",5000,,1,,,,,,,,,,,,,,,,,,,,,,,,,,,,,,,,,,,,,,,,,,,,,,,,,,,,,,,,,,,,,,86,,,,,,,,,,,,,,none,
10274,variation,COR016Wa,,"3 Ply Duplex Plain White Mailer Box  4*4*2 Inch - 50",1,0,visible,,,,,taxable,tax-18,1,,,0,0,5,21.6,16.4,16,0,,450,700,,,Courier,,,,COR016W,,,,,,1,,,,,,,,"Min. Quantity",50,,1,,,,,,,,,,,,,,,,,,,,,,,,,,,,,,,,,,,,,,,,,,,,,,,,,,,,,,,,,,,,,,49,,,,,,,,,,,,,,none,
10275,variation,COR016Wb,,"3 Ply Duplex Plain White Mailer Box  4*4*2 Inch - 100",1,0,visible,,,,,taxable,tax-18,1,,,0,0,8,21.6,16.4,31,0,,800,1400,,,Courier,,,,COR016W,,,,,,2,,,,,,,,"Min. Quantity",100,,1,,,,,,,,,,,,,,,,,,,,,,,,,,,,,,,,,,,,,,,,,,,,,,,,,,,,,,,,,,,,,,50,,,,,,,,,,,,,,none,
10282,variation,BOXFOX0009Cc1,,"3 Ply Duplex Multi-Color Cake Boxes for 500gram 8*8*5 Inch ""Cake n Pastries"" - 100",1,0,visible,,,,,taxable,tax-18,1,,,0,0,22,47,34,31,0,,2200,3600,,,Courier,,,,BOXFOX0009C1,,,,,,3,,,,,,,,"Min. Quantity",100,,1,,,,,,,,,,,,,,,,,,,,,,,,,,,,,,,,,,,,,,,,,,,,,,,,,,,,,,,,,,,,,,5,,,,,,,,,,,,,,none,
10283,variation,BOXFOX0009Cd1,,"3 Ply Duplex Multi-Color Cake Boxes for 500gram 8*8*5 Inch ""Cake n Pastries"" - 500",1,0,visible,,,,,taxable,tax-18,1,,,0,0,98,47,34,153,0,,10500,18000,,,Courier,,,,BOXFOX0009C1,,,,,,4,,,,,,,,"Min. Quantity",500,,1,,,,,,,,,,,,,,,,,,,,,,,,,,,,,,,,,,,,,,,,,,,,,,,,,,,,,,,,,,,,,,6,,,,,,,,,,,,,,none,
10284,variation,BOXFOX0009Ce1,,"3 Ply Duplex Multi-Color Cake Boxes for 500gram 8*8*5 Inch ""Cake n Pastries"" - 1000",1,0,visible,,"Custom Printing Applicable. Login now to upload your file.",,,taxable,tax-18,1,,,0,0,194,47,34,307,0,,20270,36000,,,Courier,,,,BOXFOX0009C1,,,,,,5,,,,,,,,"Min. Quantity",1000,,1,,,,,,,,,,,,,,,,,,,,,,,,,,,,,,,,,,,,,,,,,,,,,,,,,,,,,,,,,,,,,,85,,,,,,,,,,,,,,none,
10285,variation,BOXFOX0009Cf1,,"3 Ply Duplex Multi-Color Cake Boxes for 500gram 8*8*5 Inch ""Cake n Pastries"" - 5000",1,0,visible,,"Custom Printing Applicable. Login now to upload your file.",,,taxable,tax-18,1,,,0,0,960,47,34,1532,0,,82350,180000,,,Courier,,,,BOXFOX0009C1,,,,,,6,,,,,,,,"Min. Quantity",5000,,1,,,,,,,,,,,,,,,,,,,,,,,,,,,,,,,,,,,,,,,,,,,,,,,,,,,,,,,,,,,,,,84,,,,,,,,,,,,,,none,
10280,variation,BOXFOX0009Ca1,,"3 Ply Duplex Multi-Color Cake Boxes for 500gram 8*8*5 Inch ""Cake n Pastries"" - 10",1,0,visible,,,,,taxable,tax-18,1,,,0,0,4,47,34,4,0,,260,360,,,Courier,,,,BOXFOX0009C1,,,,,,1,,,,,,,,"Min. Quantity",10,,1,,,,,,,,,,,,,,,,,,,,,,,,,,,,,,,,,,,,,,,,,,,,,,,,,,,,,,,,,,,,,,13,,,,,,,,,,,,,,none,
10281,variation,BOXFOX0009Cb1,,"3 Ply Duplex Multi-Color Cake Boxes for 500gram 8*8*5 Inch ""Cake n Pastries"" - 50",1,0,visible,,,,,taxable,tax-18,1,,,0,0,12,47,34,16,0,,1200,1800,,,Courier,,,,BOXFOX0009C1,,,,,,2,,,,,,,,"Min. Quantity",50,,1,,,,,,,,,,,,,,,,,,,,,,,,,,,,,,,,,,,,,,,,,,,,,,,,,,,,,,,,,,,,,,4,,,,,,,,,,,,,,none,
10303,variation,BOXFOX0009Ca,,"3 Ply Duplex Printed Cake Boxes for 500gram 8*8*5 Inch ""Multi-Color"" - 10",1,0,visible,,,,,taxable,tax-18,1,,,0,0,4,47,34,4,0,,260,360,,,Courier,,,,BOXFOX0009-C,,,,,,1,,,,,,,,"Min. Quantity",10,,1,,,,,,,,,,,,,,,,,,,,,,,,,,,,,,,,,,,,,,,,,,,,,,,,,,,,,,,,,,,,,,133,,,,,,,,,,,,,,none,
10304,variation,BOXFOX0009Cb,,"3 Ply Duplex Printed Cake Boxes for 500gram 8*8*5 Inch ""Multi-Color"" - 50",1,0,visible,,,,,taxable,tax-18,1,,,0,0,12,47,34,16,0,,1200,1800,,,Courier,,,,BOXFOX0009-C,,,,,,2,,,,,,,,"Min. Quantity",50,,1,,,,,,,,,,,,,,,,,,,,,,,,,,,,,,,,,,,,,,,,,,,,,,,,,,,,,,,,,,,,,,134,,,,,,,,,,,,,,none,
10305,variation,BOXFOX0009Cc,,"3 Ply Duplex Printed Cake Boxes for 500gram 8*8*5 Inch ""Multi-Color"" - 100",1,0,visible,,,,,taxable,tax-18,1,,,0,0,22,47,34,31,0,,2200,3600,,,Courier,,,,BOXFOX0009-C,,,,,,3,,,,,,,,"Min. Quantity",100,,1,,,,,,,,,,,,,,,,,,,,,,,,,,,,,,,,,,,,,,,,,,,,,,,,,,,,,,,,,,,,,,134,,,,,,,,,,,,,,none,
10306,variation,BOXFOX0009Cd,,"3 Ply Duplex Printed Cake Boxes for 500gram 8*8*5 Inch ""Multi-Color"" - 500",1,0,visible,,,,,taxable,tax-18,1,,,0,0,98,47,34,153,0,,10500,18000,,,Courier,,,,BOXFOX0009-C,,,,,,4,,,,,,,,"Min. Quantity",500,,1,,,,,,,,,,,,,,,,,,,,,,,,,,,,,,,,,,,,,,,,,,,,,,,,,,,,,,,,,,,,,,104,,,,,,,,,,,,,,none,
10307,variation,BOXFOX0009Ce,,"3 Ply Duplex Printed Cake Boxes for 500gram 8*8*5 Inch ""Multi-Color"" - 1000",1,0,visible,,"Custom Printing Applicable. Login now to upload your file.",,,taxable,tax-18,1,,,0,0,194,47,34,307,0,,20270,36000,,,Courier,,,,BOXFOX0009-C,,,,,,5,,,,,,,,"Min. Quantity",1000,,1,,,,,,,,,,,,,,,,,,,,,,,,,,,,,,,,,,,,,,,,,,,,,,,,,,,,,,,,,,,,,,134,,,,,,,,,,,,,,none,
10308,variation,BOXFOX0009Cf,,"3 Ply Duplex Printed Cake Boxes for 500gram 8*8*5 Inch ""Multi-Color"" - 5000",1,0,visible,,"Custom Printing Applicable. Login now to upload your file.",,,taxable,tax-18,1,,,0,0,960,47,34,1532,0,,82350,180000,,,Courier,,,,BOXFOX0009-C,,,,,,6,,,,,,,,"Min. Quantity",5000,,1,,,,,,,,,,,,,,,,,,,,,,,,,,,,,,,,,,,,,,,,,,,,,,,,,,,,,,,,,,,,,,106,,,,,,,,,,,,,,none,
10311,variation,BOXFOX0010Cb,,"3 Ply Duplex Printed Cake Boxes for 1kg 10*10*5 Inch ""Multi-Color"" - 50",1,0,visible,,,,,taxable,tax-18,1,,,0,0,14,52,39.1,16,0,,1600,2450,,,Courier,,,,BOXFOX0010-C,,,,,,2,,,,,,,,"Min. Quantity",50,,1,,,,,,,,,,,,,,,,,,,,,,,,,,,,,,,,,,,,,,,,,,,,,,,,,,,,,,,,,,,,,,111,,,,,,,,,,,,,,none,
10312,variation,BOXFOX0010Cc,,"3 Ply Duplex Printed Cake Boxes for 1kg 10*10*5 Inch ""Multi-Color"" - 100",1,0,visible,,,,,taxable,tax-18,1,,,0,0,26,52,39.1,31,0,,3000,4900,,,Courier,,,,BOXFOX0010-C,,,,,,3,,,,,,,,"Min. Quantity",100,,1,,,,,,,,,,,,,,,,,,,,,,,,,,,,,,,,,,,,,,,,,,,,,,,,,,,,,,,,,,,,,,112,,,,,,,,,,,,,,none,
10313,variation,BOXFOX0010Cd,,"3 Ply Duplex Printed Cake Boxes for 1kg 10*10*5 Inch ""Multi-Color"" - 500",1,0,visible,,,,,taxable,tax-18,1,,,0,0,119,52,39.1,153,0,,14000,24500,,,Courier,,,,BOXFOX0010-C,,,,,,4,,,,,,,,"Min. Quantity",500,,1,,,,,,,,,,,,,,,,,,,,,,,,,,,,,,,,,,,,,,,,,,,,,,,,,,,,,,,,,,,,,,140,,,,,,,,,,,,,,none,
10314,variation,BOXFOX0010Ce,,"3 Ply Duplex Printed Cake Boxes for 1kg 10*10*5 Inch ""Multi-Color"" - 1000",1,0,visible,,"Custom Printing Applicable. Login now to upload your file.",,,taxable,tax-18,1,,,0,0,236,52,39.1,307,0,,26600,49000,,,Courier,,,,BOXFOX0010-C,,,,,,5,,,,,,,,"Min. Quantity",1000,,1,,,,,,,,,,,,,,,,,,,,,,,,,,,,,,,,,,,,,,,,,,,,,,,,,,,,,,,,,,,,,,141,,,,,,,,,,,,,,none,
10315,variation,BOXFOX0010Cf,,"3 Ply Duplex Printed Cake Boxes for 1kg 10*10*5 Inch ""Multi-Color"" - 5000",1,0,visible,,"Custom Printing Applicable. Login now to upload your file.",,,taxable,tax-18,1,,,0,0,1173,52,39.1,1532,0,,99100,245000,,,Courier,,,,BOXFOX0010-C,,,,,,6,,,,,,,,"Min. Quantity",5000,,1,,,,,,,,,,,,,,,,,,,,,,,,,,,,,,,,,,,,,,,,,,,,,,,,,,,,,,,,,,,,,,117,,,,,,,,,,,,,,none,
10310,variation,BOXFOX0010Ca,,"3 Ply Duplex Printed Cake Boxes for 1kg 10*10*5 Inch ""Multi-Color"" - 10",1,0,visible,,,,,taxable,tax-18,1,,,0,0,5,52,39.1,4,0,,350,490,,,Courier,,,,BOXFOX0010-C,,,,,,1,,,,,,,,"Min. Quantity",10,,1,,,,,,,,,,,,,,,,,,,,,,,,,,,,,,,,,,,,,,,,,,,,,,,,,,,,,,,,,,,,,,110,,,,,,,,,,,,,,none,
10317,variation,BOXFOX0010Ca-1,,"3 Ply Duplex Multi-Color Printed Cake Boxes for 1kg 10*10*5 Inch ""Cake n Pastries"" - 10",1,0,visible,,,,,taxable,tax-18,1,,,0,0,5,52,39.1,4,0,,350,490,,,Courier,,,,BOXFOX0010C1,,,,,,1,,,,,,,,"Min. Quantity",10,,1,,,,,,,,,,,,,,,,,,,,,,,,,,,,,,,,,,,,,,,,,,,,,,,,,,,,,,,,,,,,,,110,,,,,,,,,,,,,,none,
10318,variation,BOXFOX0010Cb-1,,"3 Ply Duplex Multi-Color Printed Cake Boxes for 1kg 10*10*5 Inch ""Cake n Pastries"" - 50",1,0,visible,,,,,taxable,tax-18,1,,,0,0,14,52,39.1,16,0,,1600,2450,,,Courier,,,,BOXFOX0010C1,,,,,,2,,,,,,,,"Min. Quantity",50,,1,,,,,,,,,,,,,,,,,,,,,,,,,,,,,,,,,,,,,,,,,,,,,,,,,,,,,,,,,,,,,,113,,,,,,,,,,,,,,none,
10319,variation,BOXFOX0010Cc-1,,"3 Ply Duplex Multi-Color Printed Cake Boxes for 1kg 10*10*5 Inch ""Cake n Pastries"" - 100",1,0,visible,,,,,taxable,tax-18,1,,,0,0,26,52,39.1,31,0,,3000,4900,,,Courier,,,,BOXFOX0010C1,,,,,,3,,,,,,,,"Min. Quantity",100,,1,,,,,,,,,,,,,,,,,,,,,,,,,,,,,,,,,,,,,,,,,,,,,,,,,,,,,,,,,,,,,,115,,,,,,,,,,,,,,none,
10320,variation,BOXFOX0010Cd-1,,"3 Ply Duplex Multi-Color Printed Cake Boxes for 1kg 10*10*5 Inch ""Cake n Pastries"" - 500",1,0,visible,,,,,taxable,tax-18,1,,,0,0,119,52,39.1,153,0,,14000,24500,,,Courier,,,,BOXFOX0010C1,,,,,,4,,,,,,,,"Min. Quantity",500,,1,,,,,,,,,,,,,,,,,,,,,,,,,,,,,,,,,,,,,,,,,,,,,,,,,,,,,,,,,,,,,,142,,,,,,,,,,,,,,none,
10321,variation,BOXFOX0010Ce-1,,"3 Ply Duplex Multi-Color Printed Cake Boxes for 1kg 10*10*5 Inch ""Cake n Pastries"" - 1000",1,0,visible,,"Custom Printing Applicable. Login now to upload your file.",,,taxable,tax-18,1,,,0,0,236,52,39.1,307,0,,26600,49000,,,Courier,,,,BOXFOX0010C1,,,,,,5,,,,,,,,"Min. Quantity",1000,,1,,,,,,,,,,,,,,,,,,,,,,,,,,,,,,,,,,,,,,,,,,,,,,,,,,,,,,,,,,,,,,116,,,,,,,,,,,,,,none,
10322,variation,BOXFOX0010Cf-1,,"3 Ply Duplex Multi-Color Printed Cake Boxes for 1kg 10*10*5 Inch ""Cake n Pastries"" - 5000",1,0,visible,,"Custom Printing Applicable. Login now to upload your file.",,,taxable,tax-18,1,,,0,0,1173,52,39.1,1532,0,,99100,245000,,,Courier,,,,BOXFOX0010C1,,,,,,6,,,,,,,,"Min. Quantity",5000,,1,,,,,,,,,,,,,,,,,,,,,,,,,,,,,,,,,,,,,,,,,,,,,,,,,,,,,,,,,,,,,,116,,,,,,,,,,,,,,none,
10327,variation,FOOD137d,,"3 Ply Duplex Plain White Pizza Packaging Box 12*12*1.5 Inch - 500",1,0,visible,,,,,taxable,tax-18,1,,,0,0,101,40,36,153,0,,7500,12500,,,Courier,,,,FOOD137,,,,,,4,,,,,,,,"Min. Quantity",500,,1,,,,,,,,,,,,,,,,,,,,,,,,,,,,,,,,,,,,,,,,,,,,,,,,,,,,,,,,,,,,,,118,,,,,,,,,,,,,,none,
10328,variation,FOOD137e,,"3 Ply Duplex Plain White Pizza Packaging Box 12*12*1.5 Inch - 1000",1,0,visible,,,,,taxable,tax-18,1,,,0,0,201,40,36,307,0,,14070,25000,,,Courier,,,,FOOD137,,,,,,5,,,,,,,,"Min. Quantity",1000,,1,,,,,,,,,,,,,,,,,,,,,,,,,,,,,,,,,,,,,,,,,,,,,,,,,,,,,,,,,,,,,,119,,,,,,,,,,,,,,none,
10329,variation,FOOD137f,,"3 Ply Duplex Plain White Pizza Packaging Box 12*12*1.5 Inch - 5000",1,0,visible,,,,,taxable,tax-18,1,,,0,0,996,40,36,1532,0,,63500,125000,,,Courier,,,,FOOD137,,,,,,6,,,,,,,,"Min. Quantity",5000,,1,,,,,,,,,,,,,,,,,,,,,,,,,,,,,,,,,,,,,,,,,,,,,,,,,,,,,,,,,,,,,,120,,,,,,,,,,,,,,none,
10324,variation,FOOD137a,,"3 Ply Duplex Plain White Pizza Packaging Box 12*12*1.5 Inch - 10",1,0,visible,,,,,taxable,tax-18,1,,,0,0,4,40,36,4,0,,180,250,,,Courier,,,,FOOD137,,,,,,1,,,,,,,,"Min. Quantity",10,,1,,,,,,,,,,,,,,,,,,,,,,,,,,,,,,,,,,,,,,,,,,,,,,,,,,,,,,,,,,,,,1,147,,,,,,,,,,,,,,none,
10325,variation,FOOD137b,,"3 Ply Duplex Plain White Pizza Packaging Box 12*12*1.5 Inch - 50",1,0,visible,,,,,taxable,tax-18,1,,,0,0,12,40,36,16,0,,850,1250,,,Courier,,,,FOOD137,,,,,,2,,,,,,,,"Min. Quantity",50,,1,,,,,,,,,,,,,,,,,,,,,,,,,,,,,,,,,,,,,,,,,,,,,,,,,,,,,,,,,,,,,,144,,,,,,,,,,,,,,none,
10326,variation,FOOD137c,,"3 Ply Duplex Plain White Pizza Packaging Box 12*12*1.5 Inch - 100",1,0,visible,,,,,taxable,tax-18,1,,,0,0,22,40,36,31,0,,1600,2500,,,Courier,,,,FOOD137,,,,,,3,,,,,,,,"Min. Quantity",100,,1,,,,,,,,,,,,,,,,,,,,,,,,,,,,,,,,,,,,,,,,,,,,,,,,,,,,,,,,,,,,,,145,,,,,,,,,,,,,,none,
10332,variation,FOOD137Ka,,"3 Ply Kraft Printed Pizza Packaging Box 12*12*1.5 Inch - 10",1,0,visible,,,,,taxable,tax-18,1,,,0,0,4,40,36,4,0,,210,290,,,Courier,,,,FOOD137k,,,,,,1,,,,,,,,"Min. Quantity",10,,1,,,,,,,,,,,,,,,,,,,,,,,,,,,,,,,,,,,,,,,,,,,,,,,,,,,,,,,,,,,,,,149,,,,,,,,,,,,,,none,
10333,variation,FOOD137Kb,,"3 Ply Kraft Printed Pizza Packaging Box 12*12*1.5 Inch - 50",1,0,visible,,,,,taxable,tax-18,1,,,0,0,12,40,36,16,0,,950,1450,,,Courier,,,,FOOD137k,,,,,,2,,,,,,,,"Min. Quantity",50,,1,,,,,,,,,,,,,,,,,,,,,,,,,,,,,,,,,,,,,,,,,,,,,,,,,,,,,,,,,,,,,,150,,,,,,,,,,,,,,none,
10334,variation,FOOD137Kc,,"3 Ply Kraft Printed Pizza Packaging Box 12*12*1.5 Inch - 100",1,0,visible,,,,,taxable,tax-18,1,,,0,0,22,40,36,31,0,,1800,2900,,,Courier,,,,FOOD137k,,,,,,3,,,,,,,,"Min. Quantity",100,,1,,,,,,,,,,,,,,,,,,,,,,,,,,,,,,,,,,,,,,,,,,,,,,,,,,,,,,,,,,,,,,151,,,,,,,,,,,,,,none,
10335,variation,FOOD137Kd,,"3 Ply Kraft Printed Pizza Packaging Box 12*12*1.5 Inch - 500",1,0,visible,,,,,taxable,tax-18,1,,,0,0,101,40,36,153,0,,8500,14500,,,Courier,,,,FOOD137k,,,,,,4,,,,,,,,"Min. Quantity",500,,1,,,,,,,,,,,,,,,,,,,,,,,,,,,,,,,,,,,,,,,,,,,,,,,,,,,,,,,,,,,,,,123,,,,,,,,,,,,,,none,
10336,variation,FOOD137e-1,,"3 Ply Kraft Printed Pizza Packaging Box 12*12*1.5 Inch - 1000",1,0,visible,,,,,taxable,tax-18,1,,,0,0,201,40,36,307,0,,16530,29000,,,Courier,,,,FOOD137k,,,,,,5,,,,,,,,"Min. Quantity",1000,,1,,,,,,,,,,,,,,,,,,,,,,,,,,,,,,,,,,,,,,,,,,,,,,,,,,,,,,,,,,,,,,122,,,,,,,,,,,,,,none,
10337,variation,FOOD137f-1,,"3 Ply Kraft Printed Pizza Packaging Box 12*12*1.5 Inch - 5000",1,0,visible,,,,,taxable,tax-18,1,,,0,0,996,40,36,1532,0,,52050,145000,,,Courier,,,,FOOD137k,,,,,,6,,,,,,,,"Min. Quantity",5000,,1,,,,,,,,,,,,,,,,,,,,,,,,,,,,,,,,,,,,,,,,,,,,,,,,,,,,,,,,,,,,,,121,,,,,,,,,,,,,,none,
10339,variation,FOOD137Wa,,"3 Ply Duplex Multi-Color Printed Pizza Packaging Box 12*12*1.5 Inch - 10",1,0,visible,,,,,taxable,tax-18,1,,,0,0,4,40,36,4,0,,260,360,,,Courier,,,,FOOD137W,,,,,,1,,,,,,,,"Min. Quantity",10,,1,,,,,,,,,,,,,,,,,,,,,,,,,,,,,,,,,,,,,,,,,,,,,,,,,,,,,,,,,,,,,,153,,,,,,,,,,,,,,none,
10340,variation,FOOD137Wb,,"3 Ply Duplex Multi-Color Printed Pizza Packaging Box 12*12*1.5 Inch - 50",1,0,visible,,,,,taxable,tax-18,1,,,0,0,12,40,36,16,0,,1200,1800,,,Courier,,,,FOOD137W,,,,,,2,,,,,,,,"Min. Quantity",50,,1,,,,,,,,,,,,,,,,,,,,,,,,,,,,,,,,,,,,,,,,,,,,,,,,,,,,,,,,,,,,,,152,,,,,,,,,,,,,,none,
10341,variation,FOOD137Wc,,"3 Ply Duplex Multi-Color Printed Pizza Packaging Box 12*12*1.5 Inch - 100",1,0,visible,,,,,taxable,tax-18,1,,,0,0,22,40,36,31,0,,2200,3600,,,Courier,,,,FOOD137W,,,,,,3,,,,,,,,"Min. Quantity",100,,1,,,,,,,,,,,,,,,,,,,,,,,,,,,,,,,,,,,,,,,,,,,,,,,,,,,,,,,,,,,,,,124,,,,,,,,,,,,,,none,
10342,variation,FOOD137Wd,,"3 Ply Duplex Multi-Color Printed Pizza Packaging Box 12*12*1.5 Inch - 500",1,0,visible,,,,,taxable,tax-18,1,,,0,0,101,40,36,153,0,,10500,18000,,,Courier,,,,FOOD137W,,,,,,4,,,,,,,,"Min. Quantity",500,,1,,,,,,,,,,,,,,,,,,,,,,,,,,,,,,,,,,,,,,,,,,,,,,,,,,,,,,,,,,,,,,125,,,,,,,,,,,,,,none,
10343,variation,FOOD137We,,"3 Ply Duplex Multi-Color Printed Pizza Packaging Box 12*12*1.5 Inch - 1000",1,0,visible,,,,,taxable,tax-18,1,,,0,0,201,40,36,307,0,,20470,36000,,,Courier,,,,FOOD137W,,,,,,5,,,,,,,,"Min. Quantity",1000,,1,,,,,,,,,,,,,,,,,,,,,,,,,,,,,,,,,,,,,,,,,,,,,,,,,,,,,,,,,,,,,,126,,,,,,,,,,,,,,none,
10344,variation,FOOD137Wf,,"3 Ply Duplex Multi-Color Printed Pizza Packaging Box 12*12*1.5 Inch - 5000",1,0,visible,,,,,taxable,tax-18,1,,,0,0,996,40,36,1532,0,,70550,180000,,,Courier,,,,FOOD137W,,,,,,6,,,,,,,,"Min. Quantity",5000,,1,,,,,,,,,,,,,,,,,,,,,,,,,,,,,,,,,,,,,,,,,,,,,,,,,,,,,,,,,,,,,,127,,,,,,,,,,,,,,none,
10350,variation,FOOD141e,,"3 Ply Duplex Plain White Pizza Packaging Box 10*10*1.5 Inch - 1000",1,0,visible,,,,,taxable,tax-18,1,,,0,0,141,34.6,31,307,0,,11660,21000,,,Courier,,,,FOOD141,,,,,,5,,,,,,,,"Min. Quantity",1000,,1,,,,,,,,,,,,,,,,,,,,,,,,,,,,,,,,,,,,,,,,,,,,,,,,,,,,,,,,,,,,,,134,,,,,,,,,,,,,,none,
10351,variation,FOOD141f,,"3 Ply Duplex Plain White Pizza Packaging Box 10*10*1.5 Inch - 5000",1,0,visible,,,,,taxable,tax-18,1,,,0,0,696,34.6,31,1532,0,,47650,105000,,,Courier,,,,FOOD141,,,,,,6,,,,,,,,"Min. Quantity",5000,,1,,,,,,,,,,,,,,,,,,,,,,,,,,,,,,,,,,,,,,,,,,,,,,,,,,,,,,,,,,,,,,135,,,,,,,,,,,,,,none,
10346,variation,FOOD141a,,"3 Ply Duplex Plain White Pizza Packaging Box 10*10*1.5 Inch - 10",1,0,visible,,,,,taxable,tax-18,1,,,0,0,4,34.6,31,4,0,,150,210,,,Courier,,,,FOOD141,,,,,,1,,,,,,,,"Min. Quantity",10,,1,,,,,,,,,,,,,,,,,,,,,,,,,,,,,,,,,,,,,,,,,,,,,,,,,,,,,,,,,,,,,,129,,,,,,,,,,,,,,none,
10347,variation,FOOD141b,,"3 Ply Duplex Plain White Pizza Packaging Box 10*10*1.5 Inch - 50",1,0,visible,,,,,taxable,tax-18,1,,,0,0,10,34.6,31,16,0,,700,1050,,,Courier,,,,FOOD141,,,,,,2,,,,,,,,"Min. Quantity",50,,1,,,,,,,,,,,,,,,,,,,,,,,,,,,,,,,,,,,,,,,,,,,,,,,,,,,,,,,,,,,,,,130,,,,,,,,,,,,,,none,
10348,variation,FOOD141c,,"3 Ply Duplex Plain White Pizza Packaging Box 10*10*1.5 Inch - 100",1,0,visible,,,,,taxable,tax-18,1,,,0,0,17,34.6,31,31,0,,1300,2100,,,Courier,,,,FOOD141,,,,,,3,,,,,,,,"Min. Quantity",100,,1,,,,,,,,,,,,,,,,,,,,,,,,,,,,,,,,,,,,,,,,,,,,,,,,,,,,,,,,,,,,,,132,,,,,,,,,,,,,,none,
10349,variation,FOOD141d,,"3 Ply Duplex Plain White Pizza Packaging Box 10*10*1.5 Inch - 500",1,0,visible,,,,,taxable,tax-18,1,,,0,0,72,34.6,31,153,0,,6000,10500,,,Courier,,,,FOOD141,,,,,,4,,,,,,,,"Min. Quantity",500,,1,,,,,,,,,,,,,,,,,,,,,,,,,,,,,,,,,,,,,,,,,,,,,,,,,,,,,,,,,,,,,,133,,,,,,,,,,,,,,none,
10353,variation,FOOD141Ka,,"3 Ply Kraft Printed Pizza Packaging Box 10*10*1.5 Inch - 10",1,0,visible,,,,,taxable,tax-18,1,,,0,0,4,34.6,31,4,0,,180,250,,,Courier,,,,FOOD141K,,,,,,1,,,,,,,,"Min. Quantity",10,,1,,,,,,,,,,,,,,,,,,,,,,,,,,,,,,,,,,,,,,,,,,,,,,,,,,,,,,,,,,,,,,137,,,,,,,,,,,,,,none,
10354,variation,FOOD141Kb,,"3 Ply Kraft Printed Pizza Packaging Box 10*10*1.5 Inch - 50",1,0,visible,,,,,taxable,tax-18,1,,,0,0,10,34.6,31,16,0,,850,1250,,,Courier,,,,FOOD141K,,,,,,2,,,,,,,,"Min. Quantity",50,,1,,,,,,,,,,,,,,,,,,,,,,,,,,,,,,,,,,,,,,,,,,,,,,,,,,,,,,,,,,,,,,138,,,,,,,,,,,,,,none,
10355,variation,FOOD141Kc,,"3 Ply Kraft Printed Pizza Packaging Box 10*10*1.5 Inch - 100",1,0,visible,,,,,taxable,tax-18,1,,,0,0,17,34.6,31,31,0,,1600,2500,,,Courier,,,,FOOD141K,,,,,,3,,,,,,,,"Min. Quantity",100,,1,,,,,,,,,,,,,,,,,,,,,,,,,,,,,,,,,,,,,,,,,,,,,,,,,,,,,,,,,,,,,,139,,,,,,,,,,,,,,none,
10356,variation,FOOD141Kd,,"3 Ply Kraft Printed Pizza Packaging Box 10*10*1.5 Inch - 500",1,0,visible,,,,,taxable,tax-18,1,,,0,0,72,34.6,31,153,0,,7500,12500,,,Courier,,,,FOOD141K,,,,,,4,,,,,,,,"Min. Quantity",500,,1,,,,,,,,,,,,,,,,,,,,,,,,,,,,,,,,,,,,,,,,,,,,,,,,,,,,,,,,,,,,,,141,,,,,,,,,,,,,,none,
10357,variation,FOOD141Ke,,"3 Ply Kraft Printed Pizza Packaging Box 10*10*1.5 Inch - 1000",1,0,visible,,,,,taxable,tax-18,1,,,0,0,141,34.6,31,307,0,,14760,25000,,,Courier,,,,FOOD141K,,,,,,5,,,,,,,,"Min. Quantity",1000,,1,,,,,,,,,,,,,,,,,,,,,,,,,,,,,,,,,,,,,,,,,,,,,,,,,,,,,,,,,,,,,,142,,,,,,,,,,,,,,none,
10358,variation,FOOD141Kf,,"3 Ply Kraft Printed Pizza Packaging Box 10*10*1.5 Inch - 5000",1,0,visible,,,,,taxable,tax-18,1,,,0,0,696,34.6,31,1532,0,,40150,125000,,,Courier,,,,FOOD141K,,,,,,6,,,,,,,,"Min. Quantity",5000,,1,,,,,,,,,,,,,,,,,,,,,,,,,,,,,,,,,,,,,,,,,,,,,,,,,,,,,,,,,,,,,,143,,,,,,,,,,,,,,none,
10414,variation,FOOD119We,,"3 Ply Duplex Multi-Color Printed Pizza Packaging Box 7*7*1.5 Inch - 1000",1,0,visible,,,,,taxable,tax-18,1,,,0,0,92,27.2,23.4,307,0,,9750,18000,,,Courier,,,,FOOD119W,,,,,,5,,,,,,,,"Min. Quantity",1000,,1,,,,,,,,,,,,,,,,,,,,,,,,,,,,,,,,,,,,,,,,,,,,,,,,,,,,,,,,,,,,,,145,,,,,,,,,,,,,,none,
10415,variation,FOOD119Wf,,"3 Ply Duplex Multi-Color Printed Pizza Packaging Box 7*7*1.5 Inch - 5000",1,0,visible,,,,,taxable,tax-18,1,,,0,0,448,27.2,23.4,1532,0,,30100,90000,,,Courier,,,,FOOD119W,,,,,,6,,,,,,,,"Min. Quantity",5000,,1,,,,,,,,,,,,,,,,,,,,,,,,,,,,,,,,,,,,,,,,,,,,,,,,,,,,,,,,,,,,,,146,,,,,,,,,,,,,,none,
10409,variation,FOOD119Wa,,"3 Ply Duplex Multi-Color Printed Pizza Packaging Box 7*7*1.5 Inch - 10",1,0,visible,,,,,taxable,tax-18,1,,,0,0,4,27.2,23.4,4,0,,130,180,,,Courier,,,,FOOD119W,,,,,,1,,,,,,,,"Min. Quantity",10,,1,,,,,,,,,,,,,,,,,,,,,,,,,,,,,,,,,,,,,,,,,,,,,,,,,,,,,,,,,,,,,,8,,,,,,,,,,,,,,none,
10410,variation,FOOD119Wb,,"3 Ply Duplex Multi-Color Printed Pizza Packaging Box 7*7*1.5 Inch - 50",1,0,visible,,,,,taxable,tax-18,1,,,0,0,7,27.2,23.4,16,0,,600,900,,,Courier,,,,FOOD119W,,,,,,2,,,,,,,,"Min. Quantity",50,,1,,,,,,,,,,,,,,,,,,,,,,,,,,,,,,,,,,,,,,,,,,,,,,,,,,,,,,,,,,,,,,7,,,,,,,,,,,,,,none,
10411,variation,FOOD119Wc,,"3 Ply Duplex Multi-Color Printed Pizza Packaging Box 7*7*1.5 Inch - 100",1,0,visible,,,,,taxable,tax-18,1,,,0,0,11,27.2,23.4,31,0,,1100,1800,,,Courier,,,,FOOD119W,,,,,,3,,,,,,,,"Min. Quantity",100,,1,,,,,,,,,,,,,,,,,,,,,,,,,,,,,,,,,,,,,,,,,,,,,,,,,,,,,,,,,,,,,,8,,,,,,,,,,,,,,none,
10413,variation,FOOD119Wd,,"3 Ply Duplex Multi-Color Printed Pizza Packaging Box 7*7*1.5 Inch - 500",1,0,visible,,,,,taxable,tax-18,1,,,0,0,47,27.2,23.4,153,0,,5000,9000,,,Courier,,,,FOOD119W,,,,,,4,,,,,,,,"Min. Quantity",500,,1,,,,,,,,,,,,,,,,,,,,,,,,,,,,,,,,,,,,,,,,,,,,,,,,,,,,,,,,,,,,,,9,,,,,,,,,,,,,,none,
10418,variation,FOOD141Wb,,"3 Ply Duplex Multi-Color Printed Pizza Packaging Box 10*10*1.5 Inch - 50",1,0,visible,,,,,taxable,tax-18,1,,,0,0,10,34.6,31,16,0,,1050,1600,,,Courier,,,,FOOD141W,,,,,,2,,,,,,,,"Min. Quantity",50,,1,,,,,,,,,,,,,,,,,,,,,,,,,,,,,,,,,,,,,,,,,,,,,,,,,,,,,,,,,,,,,,167,,,,,,,,,,,,,,none,
10419,variation,FOOD141Wc,,"3 Ply Duplex Multi-Color Printed Pizza Packaging Box 10*10*1.5 Inch - 100",1,0,visible,,,,,taxable,tax-18,1,,,0,0,17,34.6,31,31,0,,2000,3200,,,Courier,,,,FOOD141W,,,,,,3,,,,,,,,"Min. Quantity",100,,1,,,,,,,,,,,,,,,,,,,,,,,,,,,,,,,,,,,,,,,,,,,,,,,,,,,,,,,,,,,,,,168,,,,,,,,,,,,,,none,
10420,variation,FOOD141Wd,,"3 Ply Duplex Multi-Color Printed Pizza Packaging Box 10*10*1.5 Inch - 500",1,0,visible,,,,,taxable,tax-18,1,,,0,0,72,34.6,31,153,0,,9500,16000,,,Courier,,,,FOOD141W,,,,,,4,,,,,,,,"Min. Quantity",500,,1,,,,,,,,,,,,,,,,,,,,,,,,,,,,,,,,,,,,,,,,,,,,,,,,,,,,,,,,,,,,,,169,,,,,,,,,,,,,,none,
10421,variation,FOOD141We,,"3 Ply Duplex Multi-Color Printed Pizza Packaging Box 10*10*1.5 Inch - 1000",1,0,visible,,,,,taxable,tax-18,1,,,0,0,141,34.6,31,307,0,,18060,32000,,,Courier,,,,FOOD141W,,,,,,5,,,,,,,,"Min. Quantity",1000,,1,,,,,,,,,,,,,,,,,,,,,,,,,,,,,,,,,,,,,,,,,,,,,,,,,,,,,,,,,,,,,,170,,,,,,,,,,,,,,none,
10422,variation,FOOD141Wf,,"3 Ply Duplex Multi-Color Printed Pizza Packaging Box 10*10*1.5 Inch - 5000",1,0,visible,,,,,taxable,tax-18,1,,,0,0,696,34.6,31,1532,0,,54050,160000,,,Courier,,,,FOOD141W,,,,,,6,,,,,,,,"Min. Quantity",5000,,1,,,,,,,,,,,,,,,,,,,,,,,,,,,,,,,,,,,,,,,,,,,,,,,,,,,,,,,,,,,,,,144,,,,,,,,,,,,,,none,
10417,variation,FOOD141Wa,,"3 Ply Duplex Multi-Color Printed Pizza Packaging Box 10*10*1.5 Inch - 10",1,0,visible,,,,,taxable,tax-18,1,,,0,0,4,34.6,31,4,0,,230,320,,,Courier,,,,FOOD141W,,,,,,1,,,,,,,,"Min. Quantity",10,,1,,,,,,,,,,,,,,,,,,,,,,,,,,,,,,,,,,,,,,,,,,,,,,,,,,,,,,,,,,,,,,166,,,,,,,,,,,,,,none,
10438,variation,FOOD119b,,"3 Ply Duplex Plain White Pizza Packaging Box 7*7*1.5 Inch - 50",1,0,visible,,,,,taxable,tax-18,1,,,0,0,7,27.2,23.4,16,0,,800,1200,,,Courier,,,,FOOD119,,,,,,2,,,,,,,,"Min. Quantity",50,,1,,,,,,,,,,,,,,,,,,,,,,,,,,,,,,,,,,,,,,,,,,,,,,,,,,,,,,,,,,,,,,159,,,,,,,,,,,,,,none,
10439,variation,FOOD119c,,"3 Ply Duplex Plain White Pizza Packaging Box 7*7*1.5 Inch - 100",1,0,visible,,,,,taxable,tax-18,1,,,0,0,11,27.2,23.4,31,0,,1500,2400,,,Courier,,,,FOOD119,,,,,,3,,,,,,,,"Min. Quantity",100,,1,,,,,,,,,,,,,,,,,,,,,,,,,,,,,,,,,,,,,,,,,,,,,,,,,,,,,,,,,,,,,,160,,,,,,,,,,,,,,none,
10440,variation,FOOD119d,,"3 Ply Duplex Plain White Pizza Packaging Box 7*7*1.5 Inch - 500",1,0,visible,,,,,taxable,tax-18,1,,,0,0,47,27.2,23.4,153,0,,7000,12000,,,Courier,,,,FOOD119,,,,,,4,,,,,,,,"Min. Quantity",500,,1,,,,,,,,,,,,,,,,,,,,,,,,,,,,,,,,,,,,,,,,,,,,,,,,,,,,,,,,,,,,,,161,,,,,,,,,,,,,,none,
10441,variation,FOOD119e,,"3 Ply Duplex Plain White Pizza Packaging Box 7*7*1.5 Inch - 1000",1,0,visible,,,,,taxable,tax-18,1,,,0,0,92,27.2,23.4,307,0,,7060,24000,,,Courier,,,,FOOD119,,,,,,5,,,,,,,,"Min. Quantity",1000,,1,,,,,,,,,,,,,,,,,,,,,,,,,,,,,,,,,,,,,,,,,,,,,,,,,,,,,,,,,,,,,,162,,,,,,,,,,,,,,none,
10442,variation,FOOD119f,,"3 Ply Duplex Plain White Pizza Packaging Box 7*7*1.5 Inch - 5000",1,0,visible,,,,,taxable,tax-18,1,,,0,0,448,27.2,23.4,1532,0,,26900,120000,,,Courier,,,,FOOD119,,,,,,6,,,,,,,,"Min. Quantity",5000,,1,,,,,,,,,,,,,,,,,,,,,,,,,,,,,,,,,,,,,,,,,,,,,,,,,,,,,,,,,,,,,,162,,,,,,,,,,,,,,none,
10437,variation,FOOD119a,,"3 Ply Duplex Plain White Pizza Packaging Box 7*7*1.5 Inch - 10",1,0,visible,,,,,taxable,tax-18,1,,,0,0,4,27.2,23.4,4,0,,170,240,,,Courier,,,,FOOD119,,,,,,1,,,,,,,,"Min. Quantity",10,,1,,,,,,,,,,,,,,,,,,,,,,,,,,,,,,,,,,,,,,,,,,,,,,,,,,,,,,,,,,,,,,158,,,,,,,,,,,,,,none,
10446,variation,BOXFOX0011-Cc,,"3 Ply Cake Boxes Multi-Color Printed for 2kg 12*12*5 Inches ""Cake n Pastries"" - 100",1,0,visible,,,,,taxable,tax-18,1,,,0,0,33,57,44.1,31,0,,3600,5900,,,Courier,,,,BOXFOX0011-C,,,,,,3,,,,,,,,"Min. Quantity",100,,1,,,,,,,,,,,,,,,,,,,,,,,,,,,,,,,,,,,,,,,,,,,,,,,,,,,,,,,,,,,,,,15,,,,,,,,,,,,,,none,
10447,variation,BOXFOX0011-Cd,,"3 Ply Cake Boxes Multi-Color Printed for 2kg 12*12*5 Inches ""Cake n Pastries"" - 500",1,0,visible,,,,,taxable,tax-18,1,,,0,0,151,57,44.1,153,0,,17000,29500,,,Courier,,,,BOXFOX0011-C,,,,,,4,,,,,,,,"Min. Quantity",500,,1,,,,,,,,,,,,,,,,,,,,,,,,,,,,,,,,,,,,,,,,,,,,,,,,,,,,,,,,,,,,,,14,,,,,,,,,,,,,,none,
10448,variation,BOXFOX0011-Ce,,"3 Ply Cake Boxes Multi-Color Printed for 2kg 12*12*5 Inches ""Cake n Pastries"" - 1000",1,0,visible,,"Custom Printing Applicable. Login now to upload your file.",,,taxable,tax-18,1,,,0,0,302,57,44.1,307,0,,32150,56000,,,Courier,,,,BOXFOX0011-C,,,,,,5,,,,,,,,"Min. Quantity",1000,,1,,,,,,,,,,,,,,,,,,,,,,,,,,,,,,,,,,,,,,,,,,,,,,,,,,,,,,,,,,,,,,105,,,,,,,,,,,,,,none,
10449,variation,BOXFOX0011-Cf,,"3 Ply Cake Boxes Multi-Color Printed for 2kg 12*12*5 Inches ""Cake n Pastries"" - 5000",1,0,visible,,"Custom Printing Applicable. Login now to upload your file.",,,taxable,tax-18,1,,,0,0,1502,57,44.1,1532,0,,124800,295000,,,Courier,,,,BOXFOX0011-C,,,,,,6,,,,,,,,"Min. Quantity",5000,,1,,,,,,,,,,,,,,,,,,,,,,,,,,,,,,,,,,,,,,,,,,,,,,,,,,,,,,,,,,,,,,110,,,,,,,,,,,,,,none,
10444,variation,BOXFOX0011-Ca,,"3 Ply Cake Boxes Multi-Color Printed for 2kg 12*12*5 Inches ""Cake n Pastries"" - 10",1,0,visible,,,,,taxable,tax-18,1,,,0,0,5,57,44.1,4,0,,420,590,,,Courier,,,,BOXFOX0011-C,,,,,,1,,,,,,,,"Min. Quantity",10,,1,,,,,,,,,,,,,,,,,,,,,,,,,,,,,,,,,,,,,,,,,,,,,,,,,,,,,,,,,,,,,,14,,,,,,,,,,,,,,none,
10445,variation,BOXFOX0011-Cb,,"3 Ply Cake Boxes Multi-Color Printed for 2kg 12*12*5 Inches ""Cake n Pastries"" - 50",1,0,visible,,,,,taxable,tax-18,1,,,0,0,17,57,44.1,16,0,,1950,2950,,,Courier,,,,BOXFOX0011-C,,,,,,2,,,,,,,,"Min. Quantity",50,,1,,,,,,,,,,,,,,,,,,,,,,,,,,,,,,,,,,,,,,,,,,,,,,,,,,,,,,,,,,,,,,13,,,,,,,,,,,,,,none,
10452,variation,BOXFOX0011C1a,,"3 Ply Cake Boxes Multi-Color Printed for 2kg 12*12*5 Inches - 10",1,0,visible,,,,,taxable,tax-18,1,,,0,0,5,57,44.1,4,0,,420,590,,,Courier,,,,BOXFOX0011C1,,,,,,1,,,,,,,,"Min. Quantity",10,,1,,,,,,,,,,,,,,,,,,,,,,,,,,,,,,,,,,,,,,,,,,,,,,,,,,,,,,,,,,,,,1,23,,,,,,,,,,,,,,none,
10453,variation,BOXFOX0011C1b,,"3 Ply Cake Boxes Multi-Color Printed for 2kg 12*12*5 Inches - 50",1,0,visible,,,,,taxable,tax-18,1,,,0,0,17,57,44.1,16,0,,1950,2950,,,Courier,,,,BOXFOX0011C1,,,,,,2,,,,,,,,"Min. Quantity",50,,1,,,,,,,,,,,,,,,,,,,,,,,,,,,,,,,,,,,,,,,,,,,,,,,,,,,,,,,,,,,,,1,24,,,,,,,,,,,,,,none,
10454,variation,BOXFOX0011C1c,,"3 Ply Cake Boxes Multi-Color Printed for 2kg 12*12*5 Inches - 100",1,0,visible,,,,,taxable,tax-18,1,,,0,0,33,57,44.1,31,0,,3600,5900,,,Courier,,,,BOXFOX0011C1,,,,,,3,,,,,,,,"Min. Quantity",100,,1,,,,,,,,,,,,,,,,,,,,,,,,,,,,,,,,,,,,,,,,,,,,,,,,,,,,,,,,,,,,,1,25,,,,,,,,,,,,,,none,
10455,variation,BOXFOX0011C1d,,"3 Ply Cake Boxes Multi-Color Printed for 2kg 12*12*5 Inches - 500",1,0,visible,,,,,taxable,tax-18,1,,,0,0,151,57,44.1,153,0,,17000,29500,,,Courier,,,,BOXFOX0011C1,,,,,,4,,,,,,,,"Min. Quantity",500,,1,,,,,,,,,,,,,,,,,,,,,,,,,,,,,,,,,,,,,,,,,,,,,,,,,,,,,,,,,,,,,1,26,,,,,,,,,,,,,,none,
10456,variation,BOXFOX0011C1e,,"3 Ply Cake Boxes Multi-Color Printed for 2kg 12*12*5 Inches - 1000",1,0,visible,,"Custom Printing Applicable. Login now to upload your file.",,,taxable,tax-18,1,,,0,0,302,57,44.1,307,0,,32150,56000,,,Courier,,,,BOXFOX0011C1,,,,,,5,,,,,,,,"Min. Quantity",1000,,1,,,,,,,,,,,,,,,,,,,,,,,,,,,,,,,,,,,,,,,,,,,,,,,,,,,,,,,,,,,,,1,134,,,,,,,,,,,,,,none,
10457,variation,BOXFOX0011C1f,,"3 Ply Cake Boxes Multi-Color Printed for 2kg 12*12*5 Inches - 5000",1,0,visible,,"Custom Printing Applicable. Login now to upload your file.",,,taxable,tax-18,1,,,0,0,1502,57,44.1,1532,0,,124800,295000,,,Courier,,,,BOXFOX0011C1,,,,,,6,,,,,,,,"Min. Quantity",5000,,1,,,,,,,,,,,,,,,,,,,,,,,,,,,,,,,,,,,,,,,,,,,,,,,,,,,,,,,,,,,,,1,132,,,,,,,,,,,,,,none,
10527,variation,FOOD137Wa-1,,"3 Ply Duplex Multi-Color Printed Pizza Packaging Box 12*12*1.5 Inch - 10",1,0,visible,,,,,taxable,tax-18,1,,,0,0,4,40,36,4,0,,260,360,,,Courier,,,,FOOD137W-1,,,,,,2,,,,,,,,"Min. Quantity",10,,1,,,,,,,,,,,,,,,,,,,,,,,,,,,,,,,,,,,,,,,,,,,,,,,,,,,,,,,,,,,,,1,153,,,,,,,,,,,,,,none,
10528,variation,FOOD137Wb-1,,"3 Ply Duplex Multi-Color Printed Pizza Packaging Box 12*12*1.5 Inch - 50",1,0,visible,,,,,taxable,tax-18,1,,,0,0,12,40,36,16,0,,1200,1800,,,Courier,,,,FOOD137W-1,,,,,,3,,,,,,,,"Min. Quantity",50,,1,,,,,,,,,,,,,,,,,,,,,,,,,,,,,,,,,,,,,,,,,,,,,,,,,,,,,,,,,,,,,1,152,,,,,,,,,,,,,,none,
10529,variation,FOOD137Wc-1,,"3 Ply Duplex Multi-Color Printed Pizza Packaging Box 12*12*1.5 Inch - 100",1,0,visible,,,,,taxable,tax-18,1,,,0,0,22,40,36,31,0,,2200,3600,,,Courier,,,,FOOD137W-1,,,,,,4,,,,,,,,"Min. Quantity",100,,1,,,,,,,,,,,,,,,,,,,,,,,,,,,,,,,,,,,,,,,,,,,,,,,,,,,,,,,,,,,,,1,125,,,,,,,,,,,,,,none,
10530,variation,FOOD137Wd-1,,"3 Ply Duplex Multi-Color Printed Pizza Packaging Box 12*12*1.5 Inch - 500",1,0,visible,,,,,taxable,tax-18,1,,,0,0,101,40,36,153,0,,10500,18000,,,Courier,,,,FOOD137W-1,,,,,,5,,,,,,,,"Min. Quantity",500,,1,,,,,,,,,,,,,,,,,,,,,,,,,,,,,,,,,,,,,,,,,,,,,,,,,,,,,,,,,,,,,1,126,,,,,,,,,,,,,,none,
10531,variation,FOOD137We-1,,"3 Ply Duplex Multi-Color Printed Pizza Packaging Box 12*12*1.5 Inch - 1000",1,0,visible,,,,,taxable,tax-18,1,,,0,0,201,40,36,307,0,,20470,36000,,,Courier,,,,FOOD137W-1,,,,,,6,,,,,,,,"Min. Quantity",1000,,1,,,,,,,,,,,,,,,,,,,,,,,,,,,,,,,,,,,,,,,,,,,,,,,,,,,,,,,,,,,,,1,127,,,,,,,,,,,,,,none,
10532,variation,FOOD137Wf-1,,"3 Ply Duplex Multi-Color Printed Pizza Packaging Box 12*12*1.5 Inch - 5000",1,0,visible,,,,,taxable,tax-18,1,,,0,0,996,40,36,1532,0,,70550,180000,,,Courier,,,,FOOD137W-1,,,,,,7,,,,,,,,"Min. Quantity",5000,,1,,,,,,,,,,,,,,,,,,,,,,,,,,,,,,,,,,,,,,,,,,,,,,,,,,,,,,,,,,,,,1,128,,,,,,,,,,,,,,none,
